Temperature (*C), Pressure (hPa), Approx. Altitude (meters), Time(s), Motion,Corrected Time (s)
32.16,980.91,272.9,2299,1,0
32.14,980.89,273.43,2300,1,1
32.1,980.81,274.81,2301,1,2
32.06,980.57,277.78,2302,1,3
32.02,980.14,282.69,2303,1,4
31.97,979.47,289.58,2304,0,5
31.92,978.56,297.1,2305,0,6
31.82,977.71,303.96,2306,1,7
31.53,976.93,311.04,2307,1,8
31.36,976.07,318.2,2308,1,9
31.2,975.26,325.36,2309,1,10
31.05,974.41,332.53,2310,1,11
30.95,973.59,339.64,2311,1,12
30.88,972.77,346.47,2312,1,13
30.8,971.98,352.97,2313,1,14
30.66,971.25,358.88,2314,1,15
30.55,970.6,364.45,2315,0,16
30.28,969.97,370.49,2316,0,17
30.04,969.2,377.43,2317,0,18
29.94,968.38,384.51,2318,1,19
29.86,967.56,391.17,2319,1,20
29.81,966.83,397.72,2320,1,21
29.72,966.04,404.6,2321,1,22
29.63,965.24,411.73,2322,1,23
29.45,964.4,419.16,2323,0,24
29.34,963.52,427.09,2324,0,25
29.25,962.59,434.98,2325,0,26
29.18,961.71,442.38,2326,1,27
29,960.86,449.72,2327,1,28
28.72,960.02,456.68,2328,1,29
28.63,959.25,463.35,2329,1,30
28.56,958.49,469.64,2330,1,31
28.5,957.8,476.03,2331,1,32
28.44,957.03,482.94,2332,1,33
28.37,956.22,490.01,2333,1,34
28.31,955.42,496.94,2334,1,35
28.28,954.62,503.75,2335,1,36
28.11,953.86,510.86,2336,1,37
27.97,953.01,517.93,2337,1,38
27.91,952.23,524.72,2338,1,39
27.81,951.46,531.38,2339,1,40
27.75,950.7,538.21,2340,1,41
27.67,949.91,545.13,2341,1,42
27.59,949.14,551.92,2342,1,43
27.37,948.35,559.06,2343,1,44
27.27,947.53,566.07,2344,1,45
27.21,946.74,573.44,2345,0,46
27.18,945.87,580.66,2346,0,47
27.17,945.09,587.47,2347,0,48
26.97,944.32,594.07,2348,1,49
26.82,943.58,600.17,2349,1,50
26.61,942.92,606.33,2350,1,51
26.41,942.19,612.65,2351,1,52
26.28,941.49,618.68,2352,1,53
26.19,940.82,624.48,2353,1,54
26.13,940.18,629.75,2354,1,55
26.09,939.62,634.76,2355,0,56
26.04,939.04,639.81,2356,0,57
25.91,938.49,644.59,2357,1,58
25.84,937.96,649.18,2358,1,59
25.69,937.44,653.72,2359,1,60
25.62,936.94,658.4,2360,1,61
25.58,936.39,663.63,2361,1,62
25.54,935.78,668.9,2362,1,63
25.5,935.18,674.16,2363,1,64
25.4,934.61,679.55,2364,1,65
25.27,933.96,685.56,2365,1,66
25.24,933.27,691.45,2366,1,67
25.21,932.63,696.96,2367,1,68
25.03,932.02,702.55,2368,1,69
24.91,931.38,707.93,2369,1,70
24.87,930.81,712.82,2370,1,71
24.83,930.28,716.9,2371,1,72
24.62,929.88,720.9,2372,1,73
24.42,929.4,725.33,2373,0,74
24.36,928.89,730.03,2374,0,75
24.35,928.36,734.79,2375,1,76
24.33,927.83,739.36,2376,1,77
24.28,927.3,743.46,2377,1,78
24.07,926.92,746.95,2378,1,79
23.91,926.52,750.66,2379,0,80
23.82,926.09,754.73,2380,0,81
23.72,925.63,758.95,2381,0,82
23.66,925.14,763.2,2382,0,83
23.63,924.66,767.61,2383,1,84
23.56,924.18,771.78,2384,1,85
23.44,923.72,775.59,2385,1,86
23.29,923.32,779.68,2386,1,87
23.17,922.82,784.16,2387,1,88
23.15,922.34,788.51,2388,1,89
23.13,921.85,792.98,2389,1,90
23.1,921.35,797.6,2390,1,91
23.1,920.82,802.42,2391,0,92
23.09,920.27,807.28,2392,0,93
23.09,919.73,811.77,2393,1,94
22.98,919.28,816.21,2394,1,95
22.9,918.75,821.08,2395,1,96
22.89,918.2,826.11,2396,1,97
22.87,917.63,831.29,2397,1,98
22.86,917.06,836.53,2398,1,99
22.85,916.47,841.96,2399,1,100
22.78,915.87,847.65,2400,1,101
22.74,915.21,853.44,2401,1,102
22.73,914.58,858.86,2402,1,103
22.68,914,864.3,2403,1,104
22.57,913.4,869.62,2404,1,105
22.56,912.82,875.09,2405,1,106
22.57,912.2,880.61,2406,1,107
22.56,911.59,886.41,2407,1,108
22.54,910.92,892.39,2408,1,109
22.5,910.27,897.91,2409,0,110
22.48,909.69,903.18,2410,0,111
22.43,909.13,908.3,2411,0,112
22.4,908.56,913.6,2412,1,113
22.35,907.96,919.17,2413,1,114
22.33,907.34,924.78,2414,1,115
22.31,906.73,930.06,2415,1,116
22.3,906.17,935.06,2416,1,117
22.27,905.64,940.16,2417,1,118
22.12,905.05,945.75,2418,1,119
22.02,904.42,951.54,2419,1,120
21.96,903.78,956.99,2420,1,121
21.85,903.21,962.56,2421,1,122
21.73,902.59,968.37,2422,0,123
21.71,901.94,973.92,2423,0,124
21.7,901.35,979.16,2424,0,125
21.51,900.81,983.85,2425,1,126
21.46,900.31,988.01,2426,1,127
21.39,899.89,992.02,2427,1,128
21.24,899.44,996.35,2428,1,129
21.18,898.95,1001.66,2429,1,130
21.18,898.34,1005.88,2430,1,131
21.18,897.96,1009.18,2431,1,132
21.19,897.61,1012.2,2432,1,133
21.11,897.31,1015.15,2433,1,134
20.96,896.96,1018.86,2434,1,135
20.86,896.52,1023.37,2435,1,136
20.85,895.99,1028.4,2436,1,137
20.84,895.44,1033.48,2437,1,138
20.83,894.89,1038.29,2438,0,139
20.77,894.37,1043.04,2439,0,140
20.67,893.87,1047.66,2440,0,141
20.53,893.38,1052.45,2441,1,142
20.41,892.83,1057.2,2442,1,143
20.37,892.33,1062.04,2443,1,144
20.35,891.79,1066.93,2444,1,145
20.34,891.26,1071.51,2445,1,146
20.21,890.79,1076.26,2446,1,147
20.16,890.26,1081.02,2447,1,148
20.17,889.74,1085.79,2448,1,149
20.09,889.24,1090.33,2449,0,150
20.02,888.74,1095.14,2450,0,151
19.99,888.21,1100.22,2451,0,152
19.98,887.66,1105.56,2452,1,153
19.97,887.06,1110.94,2453,1,154
19.96,886.5,1115.77,2454,1,155
19.87,885.99,1121.03,2455,1,156
19.78,885.39,1126.39,2456,1,157
19.76,884.83,1131.4,2457,1,158
19.63,884.32,1136.18,2458,1,159
19.48,883.78,1141.26,2459,1,160
19.45,883.25,1146.5,2460,1,161
19.44,882.65,1151.86,2461,1,162
19.43,882.09,1157.01,2462,1,163
19.43,881.55,1161.74,2463,1,164
19.35,881.07,1166.55,2464,1,165
19.29,880.52,1171.64,2465,1,166
19.28,879.98,1176.78,2466,1,167
19.25,879.43,1181.99,2467,1,168
19.22,878.85,1187.24,2468,1,169
19.21,878.31,1192.2,2469,1,170
19.18,877.78,1197.11,2470,1,171
19.08,877.26,1202.38,2471,1,172
19.05,876.68,1207.96,2472,1,173
19.04,876.07,1213.44,2473,1,174
19.03,875.49,1218.96,2474,1,175
19.01,874.9,1224.22,2475,0,176
18.99,874.35,1229.38,2476,0,177
18.89,873.8,1235.01,2477,0,178
18.86,873.17,1240.78,2478,1,179
18.86,872.57,1246.63,2479,1,180
18.76,871.94,1252.39,2480,0,181
18.73,871.33,1258.09,2481,0,182
18.72,870.72,1263.58,2482,1,183
18.6,870.16,1269.48,2483,1,184
18.53,869.5,1275.8,2484,1,185
18.5,868.82,1282,2485,1,186
18.49,868.18,1287.72,2486,1,187
18.48,867.58,1293.61,2487,1,188
18.48,866.96,1299.17,2488,1,189
18.4,866.39,1304.78,2489,1,190
18.34,865.78,1310.56,2490,1,191
18.32,865.15,1316.88,2491,1,192
18.32,864.47,1323.23,2492,1,193
18.3,863.79,1329.36,2493,1,194
18.24,863.19,1334.99,2494,1,195
18.24,862.59,1340.54,2495,1,196
18.13,862,1346.13,2496,1,197
18.08,861.43,1351.56,2497,1,198
17.98,860.85,1357.09,2498,1,199
17.95,860.27,1362.63,2499,1,200
17.92,859.66,1368.86,2500,1,201
17.91,858.99,1374.9,2501,1,202
17.9,858.39,1380.48,2502,1,203
17.88,857.81,1386.08,2503,1,204
17.79,857.22,1391.69,2504,1,205
17.7,856.61,1397.8,2505,1,206
17.67,855.97,1403.83,2506,1,207
17.63,855.34,1409.38,2507,1,208
17.52,854.79,1414.81,2508,1,209
17.47,854.22,1420.09,2509,1,210
17.45,853.67,1425.51,2510,1,211
17.43,853.1,1431.16,2511,1,212
17.4,852.49,1436.69,2512,1,213
17.32,851.92,1442.54,2513,0,214
17.25,851.29,1448.65,2514,0,215
17.23,850.65,1454.83,2515,0,216
17.1,850,1460.9,2516,1,217
17.08,849.38,1466.28,2517,1,218
16.97,848.87,1471.79,2518,1,219
16.79,848.26,1477.59,2519,1,220
16.76,847.65,1483.4,2520,0,221
16.64,847.04,1489.31,2521,0,222
16.62,846.43,1495,2522,1,223
16.61,845.86,1500.56,2523,1,224
16.6,845.28,1506.19,2524,1,225
16.57,844.68,1511.92,2525,1,226
16.56,844.1,1517.42,2526,1,227
16.47,843.54,1523.25,2527,1,228
16.46,842.89,1529.51,2528,1,229
16.46,842.25,1535.66,2529,0,230
16.46,841.62,1541.32,2530,0,231
16.41,841.07,1547.02,2531,0,232
16.35,840.45,1552.95,2532,0,233
16.33,839.85,1558.63,2533,1,234
16.32,839.28,1564.37,2534,1,235
16.32,838.67,1570.24,2535,1,236
16.28,838.06,1575.94,2536,1,237
16.26,837.49,1581.33,2537,1,238
16.26,836.95,1586.51,2538,1,239
16.24,836.42,1591.63,2539,1,240
16.23,835.9,1596.85,2540,1,241
16.24,835.34,1602.57,2541,0,242
16.22,834.74,1609.02,2542,0,243
16.22,834.02,1614.69,2543,1,244
16.22,833.56,1619.38,2544,1,245
16.22,833.06,1624.47,2545,1,246
16.21,832.52,1629.75,2546,0,247
16.2,831.98,1635.21,2547,0,248
16.21,831.4,1641.08,2548,1,249
16.21,830.78,1647.37,2549,1,250
16.2,830.12,1653.67,2550,1,251
16.18,829.49,1659.42,2551,1,252
16.18,828.94,1664.82,2552,1,253
16.1,828.38,1670.36,2553,1,254
15.99,827.82,1676.01,2554,1,255
15.98,827.23,1682.06,2555,1,256
15.98,826.59,1688.83,2556,1,257
16,825.86,1695.19,2557,1,258
15.96,825.29,1700.47,2558,1,259
15.86,824.77,1705.84,2559,0,260
15.73,824.21,1711.54,2560,0,261
15.7,823.61,1717.35,2561,0,262
15.69,823.02,1723.34,2562,1,263
15.69,822.41,1729.56,2563,1,264
15.68,821.77,1735.96,2564,0,265
15.68,821.1,1742.62,2565,0,266
15.68,820.43,1748.95,2566,1,267
15.6,819.8,1755.09,2567,1,268
15.58,819.21,1760.72,2568,1,269
15.56,818.64,1766.52,2569,1,270
15.53,818.05,1772.38,2570,1,271
15.5,817.45,1778.43,2571,1,272
15.47,816.82,1784.43,2572,1,273
15.32,816.23,1790.54,2573,0,274
15.26,815.61,1796.5,2574,0,275
15.24,815.02,1802.37,2575,1,276
15.22,814.44,1808.16,2576,1,277
15.15,813.85,1813.96,2577,1,278
15,813.25,1820.01,2578,1,279
14.95,812.65,1825.62,2579,1,280
14.93,812.11,1831,2580,1,281
14.91,811.58,1836.45,2581,1,282
14.87,811.02,1841.99,2582,1,283
14.84,810.46,1847.75,2583,0,284
14.78,809.87,1853.74,2584,0,285
14.78,809.27,1859.53,2585,1,286
14.76,808.7,1865.15,2586,1,287
14.71,808.15,1870.4,2587,1,288
14.55,807.64,1875.95,2588,1,289
14.44,807.06,1881.72,2589,1,290
14.41,806.48,1888.67,2590,1,291
14.41,805.59,1895.67,2591,1,292
14.42,805.15,1900.32,2592,0,293
14.41,804.66,1905.12,2593,0,294
14.28,804.19,1910.35,2594,0,295
14.18,803.64,1915.89,2595,0,296
14.16,803.08,1921.71,2596,1,297
14.15,802.49,1927.61,2597,1,298
14.12,801.9,1933.61,2598,1,299
14.1,801.29,1939.76,2599,1,300
14,800.69,1945.73,2600,1,301
13.93,800.09,1951.97,2601,1,302
13.75,799.47,1958.24,2602,1,303
13.69,798.85,1964.45,2603,1,304
13.67,798.24,1970.34,2604,1,305
13.55,797.67,1976.07,2605,0,306
13.52,797.11,1981.93,2606,0,307
13.49,796.51,1987.71,2607,1,308
13.43,795.96,1993.73,2608,1,309
13.33,795.33,1999.61,2609,1,310
13.25,794.78,2005.29,2610,1,311
13.21,794.23,2010.76,2611,1,312
13.18,793.69,2016.29,2612,1,313
13.16,793.14,2022.03,2613,0,314
13.13,792.56,2027.75,2614,0,315
13.01,792.03,2033.43,2615,0,316
12.93,791.45,2039.12,2616,1,317
12.91,790.9,2044.63,2617,1,318
12.88,790.36,2050.53,2618,1,319
12.86,789.74,2056.65,2619,1,320
12.83,789.16,2062.22,2620,1,321
12.76,788.63,2067.82,2621,1,322
12.67,788.08,2075.04,2622,1,323
12.65,787.39,2080.08,2623,1,324
12.65,786.91,2085.47,2624,1,325
12.62,786.35,2091.07,2625,1,326
12.59,785.81,2096.38,2626,1,327
12.58,785.3,2101.66,2627,0,328
12.58,784.78,2107.29,2628,0,329
12.58,784.21,2113.07,2629,0,330
12.58,783.63,2120.93,2630,0,331
12.59,782.76,2126.77,2631,1,332
12.47,782.4,2130.95,2632,1,333
12.38,781.95,2136.48,2633,0,334
12.37,781.35,2142.39,2634,0,335
12.37,780.79,2148.24,2635,1,336
12.35,780.22,2154.05,2636,1,337
12.33,779.66,2160.02,2637,0,338
12.18,779.05,2165.97,2638,0,339
12.17,778.51,2171.61,2639,0,340
12.15,777.96,2177.43,2640,1,341
12.13,777.38,2183.53,2641,1,342
12.12,776.79,2189.59,2642,1,343
12.09,776.19,2195.64,2643,1,344
11.97,775.63,2201.45,2644,1,345
11.95,775.07,2207.56,2645,1,346
11.94,774.45,2214.01,2646,1,347
11.98,773.83,2220.07,2647,1,348
11.97,773.26,2226.07,2648,1,349
11.85,772.67,2232.37,2649,1,350
11.81,772.05,2238.94,2650,1,351
11.78,771.41,2245.33,2651,1,352
11.76,770.8,2251.55,2652,1,353
11.69,770.23,2257.2,2653,1,354
11.65,769.71,2262.51,2654,1,355
11.64,769.19,2268.33,2655,1,356
11.58,768.62,2274.46,2656,1,357
11.51,768.01,2280.53,2657,0,358
11.48,767.45,2285.98,2658,0,359
11.31,766.94,2291.79,2659,1,360
11.23,766.34,2299.12,2660,1,361
11.22,765.62,2305.18,2661,1,362
11.11,765.1,2310.93,2662,0,363
10.98,764.53,2316.67,2663,0,364
10.9,764,2322.32,2664,0,365
10.72,763.44,2328.18,2665,0,366
10.67,762.89,2333.99,2666,0,367
10.64,762.34,2339.49,2667,1,368
10.49,761.82,2345.24,2668,1,369
10.44,761.25,2351.31,2669,1,370
10.41,760.68,2357.3,2670,1,371
10.35,760.1,2363.35,2671,1,372
10.29,759.53,2369.05,2672,1,373
10.27,758.99,2374.98,2673,1,374
10.25,758.41,2381.22,2674,1,375
10.22,757.84,2387.27,2675,1,376
10.21,757.25,2393.38,2676,1,377
10.22,756.67,2399.14,2677,1,378
10.22,756.15,2404.66,2678,1,379
10.22,755.63,2410.4,2679,0,380
10.19,755.07,2416.25,2680,0,381
10.19,754.51,2422.21,2681,1,382
10.2,753.95,2428.13,2682,1,383
10.18,753.4,2434.05,2683,1,384
10.16,752.83,2440.17,2684,1,385
10.17,752.24,2446.54,2685,1,386
10.18,751.63,2452.86,2686,1,387
10.18,751.04,2459.01,2687,1,388
10.04,750.47,2465.22,2688,1,389
9.96,749.88,2471.43,2689,1,390
9.95,749.3,2477.65,2690,1,391
9.93,748.71,2483.62,2691,0,392
9.85,748.17,2489.38,2692,0,393
9.73,747.62,2495.26,2693,0,394
9.68,747.07,2501.28,2694,1,395
9.64,746.51,2507.64,2695,1,396
9.62,745.87,2513.57,2696,1,397
9.61,745.39,2518.87,2697,1,398
9.58,744.87,2524.55,2698,1,399
9.56,744.33,2530.78,2699,1,400
9.52,743.73,2537.44,2700,1,401
9.48,743.08,2543.88,2701,0,402
9.43,742.51,2549.77,2702,0,403
9.39,741.97,2555.62,2703,0,404
9.38,741.43,2561.71,2704,1,405
9.33,740.85,2568.16,2705,1,406
9.27,740.22,2574.67,2706,0,407
9.24,739.63,2580.67,2707,0,408
9.18,739.11,2586.13,2708,0,409
9.06,738.59,2591.54,2709,0,410
9.03,738.11,2596.41,2710,1,411
8.98,737.68,2600.88,2711,1,412
8.8,737.28,2605.47,2712,1,413
8.71,736.83,2610.64,2713,1,414
8.69,736.31,2616.82,2714,1,415
8.7,735.72,2623.44,2715,1,416
8.7,735.07,2630.07,2716,1,417
8.66,734.49,2636.51,2717,1,418
8.55,733.89,2642.46,2718,1,419
8.48,733.37,2648.04,2719,1,420
8.45,732.87,2653.61,2720,1,421
8.44,732.33,2659.42,2721,0,422
8.43,731.79,2665.62,2722,0,423
8.43,731.22,2671.92,2723,1,424
8.44,730.61,2678.44,2724,1,425
8.45,730.02,2684.87,2725,1,426
8.41,729.43,2691.38,2726,1,427
8.42,728.83,2697.7,2727,1,428
8.41,728.25,2704.04,2728,1,429
8.32,727.67,2710.3,2729,1,430
8.3,727.08,2716.43,2730,1,431
8.31,726.55,2722.46,2731,1,432
8.29,725.98,2729.02,2732,1,433
8.28,725.36,2735.24,2733,1,434
8.24,724.83,2741.5,2734,1,435
8.12,724.22,2748.09,2735,1,436
8.13,723.61,2754.82,2736,1,437
8.06,723.01,2760.82,2737,1,438
8.05,722.49,2766.47,2738,1,439
8.04,721.97,2772.08,2739,1,440
8,721.47,2777.91,2740,1,441
7.97,720.91,2783.97,2741,1,442
7.97,720.37,2789.83,2742,1,443
7.96,719.84,2795.72,2743,1,444
7.96,719.31,2801.95,2744,1,445
7.94,718.72,2808.37,2745,1,446
7.92,718.13,2814.71,2746,1,447
7.91,717.56,2820.81,2747,1,448
7.83,717.02,2827.09,2748,1,449
7.82,716.42,2833.66,2749,1,450
7.87,715.83,2840.09,2750,1,451
7.88,715.26,2845.95,2751,1,452
7.83,714.75,2851.58,2752,1,453
7.81,714.24,2857.62,2753,1,454
7.83,713.68,2864.11,2754,1,455
7.84,713.06,2870.85,2755,1,456
7.84,712.46,2877.44,2756,1,457
7.84,711.87,2883.77,2757,1,458
7.84,711.3,2889.89,2758,0,459
7.83,710.77,2895.87,2759,0,460
7.8,710.22,2902.25,2760,0,461
7.76,709.63,2908.88,2761,0,462
7.76,709.03,2915.51,2762,0,463
7.76,708.44,2922.03,2763,1,464
7.73,707.85,2928.33,2764,1,465
7.76,707.3,2934.47,2765,1,466
7.78,706.76,2940.44,2766,1,467
7.78,706.21,2947.08,2767,0,468
7.77,705.6,2953.89,2768,0,469
7.78,704.99,2960.5,2769,0,470
7.76,704.4,2967.38,2770,1,471
7.73,703.77,2974.38,2771,1,472
7.74,703.14,2981.02,2772,1,473
7.78,702.59,2987.27,2773,1,474
7.69,702.02,2993.71,2774,1,475
7.67,701.44,3000.11,2775,1,476
7.64,700.87,3006.96,2776,1,477
7.6,700.24,3013.87,2777,1,478
7.59,699.64,3020.27,2778,1,479
7.57,699.09,3026.97,2779,1,480
7.5,698.47,3033.68,2780,1,481
7.5,697.87,3040.59,2781,1,482
7.49,697.26,3047.14,2782,1,483
7.46,696.69,3053.32,2783,1,484
7.4,696.16,3059.36,2784,1,485
7.38,695.63,3065.39,2785,1,486
7.39,695.08,3071.51,2786,1,487
7.4,694.55,3077.87,2787,1,488
7.41,693.95,3084.59,2788,1,489
7.41,693.37,3091.28,2789,1,490
7.41,692.79,3097.89,2790,0,491
7.4,692.19,3104.62,2791,0,492
7.42,691.59,3111.58,2792,0,493
7.43,690.98,3118.5,2793,1,494
7.51,690.38,3124.96,2794,1,495
7.47,689.81,3131.4,2795,1,496
7.4,689.26,3137.8,2796,1,497
7.37,688.69,3144.36,2797,1,498
7.37,688.11,3151.04,2798,1,499
7.38,687.52,3157.71,2799,1,500
7.38,686.93,3164.65,2800,1,501
7.44,686.31,3171.54,2801,1,502
7.42,685.71,3178.3,2802,1,503
7.36,685.13,3185.04,2803,1,504
7.3,684.53,3191.84,2804,1,505
7.29,683.94,3198.47,2805,1,506
7.29,683.38,3205.2,2806,1,507
7.35,682.77,3212.13,2807,1,508
7.4,682.16,3218.97,2808,1,509
7.39,681.57,3225.53,2809,1,510
7.33,681.01,3232,2810,1,511
7.25,680.45,3238.55,2811,1,512
7.2,679.87,3245.54,2812,1,513
7.19,679.25,3252.45,2813,1,514
7.21,678.67,3259.28,2814,1,515
7.22,678.07,3266.1,2815,1,516
7.2,677.48,3272.78,2816,1,517
7.19,676.9,3279.01,2817,0,518
7.16,676.4,3285.27,2818,0,519
7.09,675.83,3292.23,2819,1,520
7.12,675.2,3299.08,2820,1,521
7.16,674.62,3305.87,2821,1,522
7.16,674.04,3312.55,2822,1,523
7.16,673.47,3319.19,2823,0,524
7.14,672.89,3325.91,2824,0,525
7.12,672.31,3332.81,2825,0,526
7.12,671.7,3339.88,2826,0,527
7.11,671.09,3346.7,2827,0,528
7.09,670.53,3353.29,2828,1,529
7.09,669.96,3359.76,2829,1,530
7.1,669.41,3366.11,2830,1,531
7.1,668.87,3372.45,2831,1,532
7.09,668.31,3379.26,2832,0,533
7.02,667.72,3386.18,2833,0,534
7.01,667.12,3392.77,2834,0,535
7,666.59,3398.99,2835,1,536
6.92,666.04,3405.39,2836,1,537
6.91,665.5,3411.86,2837,1,538
6.92,664.94,3418.45,2838,0,539
6.92,664.37,3425.28,2839,0,540
6.89,663.78,3432.26,2840,0,541
6.84,663.19,3439.25,2841,0,542
6.84,662.58,3446.28,2842,1,543
6.82,662,3452.69,2843,1,544
6.82,661.48,3458.79,2844,1,545
6.81,660.95,3465.41,2845,1,546
6.8,660.37,3472.34,2846,1,547
6.79,659.78,3479.43,2847,1,548
6.78,659.16,3486.53,2848,0,549
6.77,658.59,3493.15,2849,0,550
6.75,658.03,3499.88,2850,1,551
6.73,657.45,3507,2851,1,552
6.72,656.84,3514.27,2852,1,553
6.71,656.22,3521.25,2853,0,554
6.64,655.64,3528.05,2854,0,555
6.6,655.07,3534.77,2855,1,556
6.58,654.51,3541.53,2856,1,557
6.57,653.94,3548.05,2857,0,558
6.55,653.4,3554.49,2858,0,559
6.57,652.85,3561.12,2859,0,560
6.49,652.29,3567.83,2860,1,561
6.46,651.73,3574.71,2861,1,562
6.45,651.14,3581.66,2862,1,563
6.39,650.55,3588.62,2863,1,564
6.37,649.98,3594.68,2864,1,565
6.28,649.52,3600.48,2865,1,566
6.21,649.02,3606.22,2866,1,567
6.2,648.54,3612.14,2867,1,568
6.2,648.03,3618.3,2868,1,569
6.18,647.51,3624.63,2869,1,570
6.18,646.98,3631.23,2870,1,571
6.16,646.41,3638.15,2871,0,572
6.16,645.84,3644.54,2872,0,573
6.09,645.33,3650.76,2873,0,574
6.01,644.8,3657.07,2874,1,575
5.99,644.27,3663.54,2875,1,576
5.96,643.74,3670.3,2876,1,577
5.87,643.17,3676.3,2877,1,578
5.84,642.71,3682,2878,1,579
5.81,642.22,3688.24,2879,1,580
5.8,641.68,3694.5,2880,1,581
5.78,641.18,3700.67,2881,0,582
5.76,640.64,3707.79,2882,0,583
5.75,640.01,3714.23,2883,1,584
5.76,639.57,3719.57,2884,1,585
5.68,639.12,3725.23,2885,1,586
5.68,638.64,3731.5,2886,1,587
5.68,638.1,3738.25,2887,0,588
5.68,637.53,3745.07,2888,0,589
5.66,636.97,3751.53,2889,1,590
5.66,636.45,3757.51,2890,1,591
5.65,635.98,3763.08,2891,1,592
5.64,635.52,3768.93,2892,1,593
5.64,635.03,3775.35,2893,1,594
5.6,634.48,3782.04,2894,1,595
5.55,633.93,3788.75,2895,0,596
5.52,633.37,3795.05,2896,0,597
5.48,632.89,3800.96,2897,1,598
5.36,632.4,3807.06,2898,1,599
5.35,631.88,3813.6,2899,1,600
5.34,631.34,3820.52,2900,0,601
5.31,630.76,3827.68,2901,0,602
5.28,630.18,3834.51,2902,0,603
5.21,629.62,3841.24,2903,1,604
5.17,629.08,3847.91,2904,1,605
5.15,628.53,3854.84,2905,1,606
5.14,627.95,3861.75,2906,1,607
5.08,627.4,3868.78,2907,1,608
4.95,626.81,3876.09,2908,0,609
4.92,626.23,3882.62,2909,0,610
4.8,625.73,3888.91,2910,1,611
4.68,625.2,3894.84,2911,1,612
4.7,624.74,3901.55,2912,1,613
4.69,624.16,3908.32,2913,0,614
4.66,623.63,3914.76,2914,0,615
4.62,623.1,3920.69,2915,1,616
4.53,622.66,3926.56,2916,1,617
4.47,622.16,3933.12,2917,0,618
4.44,621.61,3939.89,2918,0,619
4.42,621.06,3946.45,2919,0,620
4.45,620.55,3952.53,2920,1,621
4.44,620.07,3958.84,2921,1,622
4.41,619.54,3965.47,2922,1,623
4.39,619.01,3971.76,2923,1,624
4.38,618.51,3977.97,2924,0,625
4.38,618.01,3983.88,2925,0,626
4.33,617.56,3989.74,2926,1,627
4.26,617.08,3995.78,2927,1,628
4.25,616.57,4002.36,2928,1,629
4.24,616.03,4008.89,2929,0,630
4.23,615.53,4014.46,2930,0,631
4.15,615.12,4019.86,2931,0,632
4.1,614.67,4025.24,2932,0,633
4.08,614.25,4030.49,2933,0,634
4.08,613.82,4036.12,2934,1,635
4.04,613.36,4042.39,2935,1,636
4.02,612.83,4048.87,2936,1,637
4.01,612.32,4055.13,2937,1,638
4.01,611.83,4061.1,2938,1,639
4,611.36,4066.72,2939,1,640
3.99,610.94,4071.98,2940,0,641
3.98,610.51,4077.31,2941,0,642
3.98,610.08,4082.32,2942,1,643
3.9,609.71,4087.58,2943,1,644
3.82,609.26,4093.39,2944,1,645
3.8,608.79,4099.35,2945,1,646
3.78,608.3,4105.39,2946,0,647
3.79,607.84,4111.39,2947,0,648
3.76,607.36,4117.36,2948,1,649
3.74,606.87,4123.56,2949,1,650
3.73,606.38,4129.76,2950,0,651
3.72,605.9,4135.76,2951,0,652
3.67,605.43,4141.48,2952,0,653
3.63,604.98,4147.24,2953,1,654
3.59,604.52,4153.31,2954,1,655
3.62,604.02,4159.58,2955,0,656
3.64,603.54,4165.98,2956,0,657
3.62,603,4172.5,2957,1,658
3.6,602.51,4178.92,2958,1,659
3.6,602,4185.32,2959,1,660
3.5,601.5,4191.67,2960,1,661
3.45,600.99,4197.65,2961,1,662
3.44,600.56,4202.81,2962,1,663
3.39,600.17,4207.99,2963,1,664
3.3,599.75,4213.66,2964,1,665
3.27,599.28,4219.88,2965,1,666
3.27,598.79,4225.7,2966,1,667
3.22,598.36,4231.58,2967,1,668
3.19,597.87,4237.66,2968,1,669
3.17,597.4,4243.99,2969,1,670
3.14,596.89,4250.28,2970,1,671
3.12,596.4,4256.64,2971,1,672
3.03,595.92,4262.42,2972,1,673
3,595.48,4267.88,2973,1,674
2.98,595.05,4273.02,2974,1,675
2.88,594.69,4278.01,2975,1,676
2.82,594.27,4283.83,2976,1,677
2.81,593.8,4290.15,2977,1,678
2.8,593.27,4297.33,2978,1,679
2.81,592.7,4304.42,2979,1,680
2.82,592.15,4311.17,2980,1,681
2.77,591.65,4317.67,2981,1,682
2.75,591.15,4323.62,2982,1,683
2.7,590.71,4329.32,2983,1,684
2.57,590.27,4335.32,2984,1,685
2.49,589.79,4341.47,2985,1,686
2.47,589.32,4347.12,2986,1,687
2.46,588.89,4352.85,2987,1,688
2.45,588.44,4358.75,2988,0,689
2.44,587.99,4364.95,2989,0,690
2.42,587.48,4371.24,2990,0,691
2.39,587.01,4377.26,2991,0,692
2.36,586.55,4382.95,2992,1,693
2.35,586.13,4388.42,2993,1,694
2.31,585.7,4394.67,2994,1,695
2.3,585.19,4401.2,2995,1,696
2.29,584.69,4408.07,2996,1,697
2.25,584.14,4414.58,2997,1,698
2.22,583.68,4420.01,2998,1,699
2.12,583.3,4425.46,2999,1,700
1.99,582.84,4431.5,3000,1,701
1.95,582.38,4437.56,3001,0,702
1.92,581.91,4443.88,3002,0,703
1.92,581.4,4450.44,3003,0,704
1.9,580.92,4456.64,3004,0,705
1.82,580.45,4463.39,3005,1,706
1.77,579.89,4470.35,3006,1,707
1.76,579.38,4476.81,3007,1,708
1.76,578.9,4483.23,3008,1,709
1.72,578.41,4489.34,3009,1,710
1.62,577.96,4495.47,3010,1,711
1.53,577.48,4503.28,3011,0,712
1.5,576.79,4510.42,3012,0,713
1.52,576.36,4515.93,3013,0,714
1.47,575.95,4521.36,3014,1,715
1.4,575.53,4527.24,3015,1,716
1.38,575.07,4533.16,3016,1,717
1.37,574.61,4539.34,3017,0,718
1.37,574.14,4545.64,3018,0,719
1.36,573.66,4552.22,3019,1,720
1.36,573.16,4558.88,3020,1,721
1.36,572.65,4565.27,3021,1,722
1.36,572.19,4571.31,3022,1,723
1.35,571.73,4577.38,3023,1,724
1.33,571.27,4583.57,3024,1,725
1.32,570.81,4589.51,3025,0,726
1.32,570.36,4595.48,3026,0,727
1.31,569.88,4602.35,3027,0,728
1.3,569.36,4608.94,3028,0,729
1.3,568.87,4615.6,3029,1,730
1.28,568.37,4621.59,3030,1,731
1.21,567.95,4627.02,3031,1,732
1.19,567.56,4632.44,3032,0,733
1.19,567.13,4638.07,3033,0,734
1.14,566.72,4643.94,3034,0,735
1.11,566.26,4650.38,3035,1,736
1.1,565.76,4657.34,3036,1,737
1.08,565.23,4664.31,3037,1,738
1.06,564.71,4670.67,3038,1,739
1,564.27,4676.57,3039,1,740
0.98,563.82,4682.61,3040,1,741
0.97,563.37,4688.59,3041,0,742
0.96,562.94,4694.79,3042,0,743
0.95,562.44,4704.71,3043,0,744
0.97,561.72,4710.34,3044,0,745
0.97,561.33,4715.91,3045,1,746
0.96,560.9,4721.83,3046,1,747
0.95,560.45,4727.24,3047,0,748
0.86,560.06,4732.52,3048,0,749
0.77,559.68,4738.49,3049,0,750
0.73,559.19,4745.11,3050,1,751
0.74,558.7,4751.71,3051,1,752
0.74,558.22,4758.05,3052,0,753
0.73,557.75,4764.11,3053,0,754
0.73,557.3,4770.49,3054,0,755
0.72,556.81,4777.17,3055,1,756
0.7,556.32,4783.8,3056,1,757
0.7,555.83,4790.53,3057,0,758
0.72,555.34,4796.93,3058,0,759
0.7,554.88,4803.95,3059,1,760
0.67,554.31,4811.54,3060,1,761
0.67,553.76,4819.08,3061,1,762
0.67,553.21,4826.28,3062,1,763
0.67,552.69,4832.8,3063,1,764
0.59,552.23,4839.27,3064,1,765
0.51,551.76,4845.54,3065,1,766
0.49,551.3,4851.84,3066,1,767
0.46,550.84,4857.86,3067,1,768
0.45,550.4,4863.49,3068,1,769
0.43,550.02,4869.05,3069,1,770
0.4,549.6,4874.7,3070,1,771
0.32,549.18,4880.75,3071,1,772
0.25,548.72,4887.56,3072,0,773
0.2,548.2,4894.62,3073,0,774
0.18,547.69,4901.29,3074,0,775
0.17,547.21,4907.85,3075,0,776
0.1,546.73,4914.94,3076,1,777
0.1,546.23,4921.15,3077,1,778
0.08,545.77,4927.62,3078,0,779
0.05,545.3,4934.5,3079,0,780
0.02,544.78,4941.74,3080,0,781
0.06,544.24,4948.44,3081,1,782
0.01,543.8,4954.29,3082,1,783
-0.14,543.38,4960.18,3083,1,784
-0.19,542.96,4966.67,3084,1,785
-0.2,542.45,4973.36,3085,1,786
-0.24,541.99,4979.93,3086,1,787
-0.26,541.51,4986.21,3087,1,788
-0.3,541.06,4992.55,3088,1,789
-0.3,540.6,4998.76,3089,0,790
-0.31,540.14,5005.42,3090,0,791
-0.33,539.66,5012.21,3091,0,792
-0.35,539.15,5018.94,3092,0,793
-0.37,538.7,5025.22,3093,1,794
-0.39,538.25,5031.57,3094,1,795
-0.43,537.79,5038.12,3095,1,796
-0.46,537.3,5045.08,3096,1,797
-0.5,536.79,5051.52,3097,1,798
-0.6,536.36,5057.68,3098,0,799
-0.71,535.91,5066.32,3099,0,800
-0.71,534.94,5075.29,3100,0,801
-0.73,534.77,5078.55,3101,1,802
-0.76,534.5,5083.15,3102,1,803
-0.78,534.12,5088.62,3103,1,804
-0.82,533.72,5094.43,3104,1,805
-0.86,533.29,5100.85,3105,1,806
-0.91,532.82,5107.44,3106,0,807
-0.93,532.34,5115.64,3107,0,808
-0.94,531.69,5122.29,3108,0,809
-0.94,531.34,5127.52,3109,0,810
-0.95,530.95,5133.36,3110,0,811
-0.98,530.51,5139.63,3111,0,812
-0.99,530.07,5145.8,3112,0,813
-1.01,529.63,5151.69,3113,1,814
-1.13,529.23,5157.65,3114,1,815
-1.17,528.78,5164.81,3115,0,816
-1.16,528.22,5171.87,3116,0,817
-1.17,527.78,5177.77,3117,0,818
-1.25,527.38,5183.2,3118,0,819
-1.38,526.99,5188.65,3119,0,820
-1.44,526.61,5193.9,3120,0,821
-1.55,526.26,5199.03,3121,1,822
-1.71,525.88,5204.57,3122,1,823
-1.79,525.47,5210.48,3123,0,824
-1.83,525.05,5216.87,3124,0,825
-1.85,524.59,5222.88,3125,0,826
-1.94,524.19,5228.95,3126,0,827
-2.04,523.74,5235.48,3127,1,828
-2.07,523.27,5242.65,3128,1,829
-2.08,522.75,5249.64,3129,1,830
-2.09,522.28,5256.65,3130,1,831
-2.18,521.76,5263.89,3131,1,832
-2.2,521.27,5270.35,3132,1,833
-2.3,520.84,5276.52,3133,1,834
-2.37,520.4,5282.82,3134,1,835
-2.4,519.96,5289.45,3135,1,836
-2.42,519.48,5296.23,3136,1,837
-2.49,519.01,5302.87,3137,0,838
-2.52,518.55,5309.28,3138,0,839
-2.57,518.11,5315.66,3139,1,840
-2.69,517.66,5321.92,3140,1,841
-2.75,517.24,5327.98,3141,1,842
-2.78,516.82,5333.91,3142,1,843
-2.8,516.4,5339.99,3143,1,844
-2.84,515.97,5346.51,3144,1,845
-2.87,515.5,5353.36,3145,1,846
-2.89,515.03,5360.11,3146,1,847
-2.92,514.57,5366.37,3147,1,848
-2.94,514.14,5372.57,3148,0,849
-2.95,513.71,5379.16,3149,0,850
-2.96,513.25,5385.93,3150,1,851
-2.95,512.77,5392.92,3151,1,852
-2.95,512.28,5399.54,3152,1,853
-3.08,511.85,5406.33,3153,1,854
-3.23,511.35,5413.43,3154,1,855
-3.26,510.85,5420.1,3155,1,856
-3.33,510.43,5426.74,3156,1,857
-3.46,509.95,5433.62,3157,1,858
-3.48,509.47,5440.57,3158,1,859
-3.49,509,5447.91,3159,1,860
-3.51,508.48,5455.24,3160,1,861
-3.46,507.99,5462.02,3161,1,862
-3.45,507.54,5468.36,3162,1,863
-3.6,507.1,5474.81,3163,1,864
-3.64,506.66,5481.25,3164,1,865
-3.65,506.22,5487.75,3165,1,866
-3.66,505.78,5494.46,3166,1,867
-3.67,505.3,5500.53,3167,1,868
-3.68,504.93,5505.75,3168,1,869
-3.74,504.59,5511.11,3169,0,870
-3.76,504.2,5517.2,3170,0,871
-3.77,503.77,5523.72,3171,0,872
-3.78,503.31,5530.31,3172,1,873
-3.79,502.87,5536.76,3173,1,874
-3.81,502.43,5543.33,3174,0,875
-3.83,501.97,5549.66,3175,0,876
-3.99,501.56,5556.13,3176,1,877
-4.05,501.11,5562.82,3177,1,878
-4.08,500.65,5569.15,3178,1,879
-4.09,500.24,5575.56,3179,1,880
-4.1,499.79,5582.28,3180,1,881
-4.13,499.33,5589.02,3181,1,882
-4.17,498.88,5595.54,3182,1,883
-4.26,498.45,5602.76,3183,1,884
-4.33,497.88,5609.56,3184,1,885
-4.35,497.55,5614.86,3185,1,886
-4.37,497.16,5620.59,3186,1,887
-4.39,496.77,5626.91,3187,1,888
-4.41,496.33,5633.27,3188,1,889
-4.45,495.9,5639.43,3189,1,890
-4.48,495.49,5645.92,3190,1,891
-4.5,495.04,5652.74,3191,1,892
-4.52,494.58,5659.4,3192,1,893
-4.55,494.13,5666,3193,0,894
-4.57,493.7,5672.64,3194,0,895
-4.57,493.24,5679.59,3195,1,896
-4.65,492.77,5686.64,3196,1,897
-4.67,492.29,5694.2,3197,1,898
-4.7,491.74,5701.29,3198,0,899
-4.72,491.34,5707.26,3199,0,900
-4.73,490.96,5712.98,3200,1,901
-4.86,490.57,5718.69,3201,1,902
-4.92,490.18,5725.01,3202,1,903
-4.94,489.75,5731.72,3203,1,904
-4.97,489.3,5738.09,3204,0,905
-5.01,488.89,5744.22,3205,0,906
-5.12,488.48,5750.46,3206,1,907
-5.23,488.06,5756.93,3207,1,908
-5.26,487.62,5763.72,3208,1,909
-5.28,487.16,5770.44,3209,1,910
-5.31,486.73,5777.08,3210,0,911
-5.4,486.28,5783.82,3211,0,912
-5.51,485.85,5790.01,3212,0,913
-5.56,485.44,5796.51,3213,0,914
-5.6,484.98,5803.34,3214,1,915
-5.64,484.54,5809.67,3215,1,916
-5.71,484.13,5821.07,3216,1,917
-5.77,483.36,5826.34,3217,0,918
-5.8,483.11,5830.85,3218,0,919
-5.84,482.77,5836.42,3219,1,920
-5.89,482.38,5842.63,3220,1,921
-5.93,481.96,5848.78,3221,1,922
-5.98,481.56,5854.8,3222,0,923
-6.07,481.18,5860.81,3223,0,924
-6.09,480.77,5867.19,3224,0,925
-6.1,480.35,5873.92,3225,1,926
-6.09,479.89,5880.76,3226,1,927
-6.19,479.43,5888.16,3227,1,928
-6.21,478.94,5895.45,3228,1,929
-6.22,478.48,5902.11,3229,1,930
-6.35,478.06,5908.67,3230,1,931
-6.51,477.62,5915.84,3231,1,932
-6.55,477.13,5923.32,3232,1,933
-6.56,476.65,5930.69,3233,1,934
-6.56,476.16,5937.45,3234,1,935
-6.55,475.75,5943.47,3235,1,936
-6.55,475.38,5949.31,3236,1,937
-6.58,474.99,5955.34,3237,1,938
-6.6,474.6,5961.4,3238,1,939
-6.61,474.2,5967.73,3239,0,940
-6.63,473.79,5974,3240,0,941
-6.64,473.37,5980.68,3241,1,942
-6.67,472.93,5987.68,3242,1,943
-6.66,472.48,5994.74,3243,1,944
-6.65,472.01,6001.76,3244,1,945
-6.79,471.56,6008.86,3245,1,946
-6.86,471.09,6016.14,3246,1,947
-6.96,470.62,6023.25,3247,0,948
-7.15,470.18,6030.27,3248,0,949
-7.21,469.7,6037.51,3249,1,950
-7.25,469.26,6044.66,3250,1,951
-7.33,468.79,6051.57,3251,1,952
-7.34,468.36,6058.15,3252,1,953
-7.38,467.94,6064.43,3253,1,954
-7.45,467.55,6070.59,3254,1,955
-7.47,467.15,6077.1,3255,1,956
-7.51,466.72,6084.04,3256,1,957
-7.53,466.27,6090.9,3257,1,958
-7.54,465.83,6097.37,3258,1,959
-7.61,465.44,6103.52,3259,1,960
-7.7,465.03,6109.9,3260,0,961
-7.8,464.62,6116.74,3261,0,962
-7.87,464.17,6123.62,3262,1,963
-7.88,463.75,6130.04,3263,1,964
-7.9,463.34,6136.93,3264,1,965
-7.92,462.89,6143.87,3265,1,966
-7.95,462.45,6150.57,3266,0,967
-8.08,462.03,6157.61,3267,0,968
-8.28,461.57,6165.21,3268,0,969
-8.34,461.07,6172.17,3269,0,970
-8.43,460.66,6178.87,3270,0,971
-8.5,460.24,6185.54,3271,1,972
-8.54,459.8,6192.3,3272,1,973
-8.57,459.38,6198.59,3273,0,974
-8.71,459,6205.29,3274,0,975
-8.8,458.55,6212.04,3275,0,976
-8.81,458.13,6218.7,3276,0,977
-8.83,457.71,6225.49,3277,1,978
-8.87,457.28,6232.49,3278,1,979
-8.91,456.83,6239.23,3279,0,980
-9.03,456.42,6245.81,3280,0,981
-9.16,456,6252.66,3281,0,982
-9.21,455.57,6259.79,3282,1,983
-9.23,455.11,6270.26,3283,1,984
-9.22,454.32,6278.6,3284,1,985
-9.2,453.97,6284.32,3285,0,986
-9.25,453.62,6290.47,3286,0,987
-9.3,453.21,6297.1,3287,0,988
-9.32,452.79,6303.45,3288,1,989
-9.44,452.4,6309.99,3289,1,990
-9.5,451.98,6316.57,3290,0,991
-9.53,451.58,6323.37,3291,0,992
-9.54,451.13,6330.54,3292,0,993
-9.59,450.68,6337.37,3293,0,994
-9.71,450.27,6344.33,3294,1,995
-9.85,449.83,6350.96,3295,1,996
-9.92,449.43,6357.23,3296,1,997
-9.95,449.06,6362.74,3297,1,998
-9.99,448.73,6368.15,3298,1,999
-10.04,448.4,6373.81,3299,1,1000
-10.07,448.03,6379.24,3300,1,1001
-10.15,447.71,6384.64,3301,1,1002
-10.23,447.36,6390.25,3302,1,1003
-10.25,447.02,6395.96,3303,1,1004
-10.28,446.64,6402.66,3304,0,1005
-10.33,446.22,6409.56,3305,0,1006
-10.37,445.78,6416.77,3306,1,1007
-10.39,445.34,6423.84,3307,1,1008
-10.41,444.9,6430.66,3308,0,1009
-10.43,444.49,6437.49,3309,0,1010
-10.46,444.08,6443.54,3310,0,1011
-10.6,443.72,6449.53,3311,0,1012
-10.77,443.34,6456.27,3312,1,1013
-10.88,442.9,6463.43,3313,1,1014
-10.91,442.46,6470.48,3314,1,1015
-10.93,442.04,6477.16,3315,1,1016
-10.96,441.63,6483.95,3316,1,1017
-10.99,441.22,6491.08,3317,1,1018
-11.01,440.76,6499.13,3318,1,1019
-11.05,440.25,6506.25,3319,1,1020
-11.13,439.86,6512.59,3320,1,1021
-11.21,439.47,6518.62,3321,1,1022
-11.23,439.12,6524.33,3322,1,1023
-11.37,438.78,6530.48,3323,1,1024
-11.52,438.37,6537.73,3324,1,1025
-11.55,437.91,6545.2,3325,1,1026
-11.58,437.46,6552.84,3326,0,1027
-11.6,436.98,6560.9,3327,0,1028
-11.61,436.49,6568.4,3328,0,1029
-11.68,436.05,6575.67,3329,0,1030
-11.72,435.61,6582.29,3330,1,1031
-11.75,435.24,6588.31,3331,1,1032
-11.82,434.88,6594.7,3332,1,1033
-11.86,434.48,6601.69,3333,1,1034
-11.88,434.03,6608.86,3334,1,1035
-11.9,433.61,6615.85,3335,1,1036
-12.03,433.18,6623.04,3336,1,1037
-12.12,432.75,6630.12,3337,1,1038
-12.15,432.32,6637.03,3338,1,1039
-12.16,431.92,6643.42,3339,1,1040
-12.24,431.54,6650.18,3340,1,1041
-12.33,431.11,6657.66,3341,1,1042
-12.36,430.66,6665.03,3342,1,1043
-12.37,430.22,6672.06,3343,1,1044
-12.38,429.81,6678.78,3344,1,1045
-12.41,429.41,6685.44,3345,1,1046
-12.45,429.01,6692.07,3346,1,1047
-12.46,428.61,6698.45,3347,0,1048
-12.58,428.25,6704.61,3348,0,1049
-12.75,427.88,6711.32,3349,1,1050
-12.83,427.45,6718.72,3350,1,1051
-12.86,427,6726.71,3351,1,1052
-12.82,426.51,6734.47,3352,1,1053
-12.78,426.07,6741.51,3353,1,1054
-12.83,425.66,6749.09,3354,1,1055
-12.98,425.18,6756.65,3355,1,1056
-13.02,424.76,6763.53,3356,1,1057
-13.1,424.35,6770.71,3357,1,1058
-13.21,423.92,6777.79,3358,0,1059
-13.23,423.51,6784.68,3359,0,1060
-13.26,423.09,6792.1,3360,1,1061
-13.28,422.64,6799.23,3361,1,1062
-13.3,422.24,6806.07,3362,1,1063
-13.31,421.83,6812.99,3363,1,1064
-13.33,421.42,6820.17,3364,0,1065
-13.34,420.98,6827.62,3365,0,1066
-13.37,420.54,6834.96,3366,1,1067
-13.47,420.11,6842.65,3367,1,1068
-13.52,419.67,6849.79,3368,0,1069
-13.54,419.25,6856.94,3369,0,1070
-13.56,418.82,6864.35,3370,1,1071
-13.71,418.38,6871.49,3371,1,1072
-13.73,417.98,6878.64,3372,1,1073
-13.73,417.55,6885.88,3373,1,1074
-13.74,417.12,6892.92,3374,1,1075
-13.77,416.73,6898.96,3375,1,1076
-13.8,416.4,6904.94,3376,1,1077
-13.84,416.05,6912.1,3377,1,1078
-13.84,415.57,6918.78,3378,1,1079
-13.83,415.25,6924.5,3379,0,1080
-13.83,414.9,6930.72,3380,0,1081
-13.82,414.53,6937.59,3381,0,1082
-13.84,414.12,6944.74,3382,0,1083
-13.85,413.7,6951.85,3383,1,1084
-13.87,413.29,6959.05,3384,1,1085
-13.89,412.85,6966.64,3385,0,1086
-13.91,412.42,6973.82,3386,0,1087
-13.92,412.01,6980.64,3387,1,1088
-14.02,411.63,6987.36,3388,1,1089
-14.09,411.23,6994.36,3389,1,1090
-14.11,410.82,7001.89,3390,1,1091
-14.12,410.38,7009.49,3391,0,1092
-14.14,409.93,7016.9,3392,0,1093
-14.16,409.52,7023.68,3393,1,1094
-14.29,409.14,7030.41,3394,1,1095
-14.34,408.75,7036.77,3395,1,1096
-14.36,408.38,7043.95,3396,1,1097
-14.4,407.95,7051.42,3397,1,1098
-14.47,407.52,7058.91,3398,1,1099
-14.5,407.09,7066.79,3399,1,1100
-14.58,406.63,7074.12,3400,1,1101
-14.61,406.23,7080.74,3401,1,1102
-14.71,405.87,7087.15,3402,1,1103
-14.86,405.49,7093.85,3403,1,1104
-14.96,405.11,7100.97,3404,0,1105
-14.99,404.68,7109.02,3405,0,1106
-15.01,404.21,7116.9,3406,0,1107
-15.05,403.76,7124.14,3407,0,1108
-15.18,403.38,7131.15,3408,0,1109
-15.42,402.96,7138.12,3409,1,1110
-15.49,402.58,7144.88,3410,1,1111
-15.52,402.19,7154.92,3411,1,1112
-15.57,401.41,7164.34,3412,1,1113
-15.61,401.15,7169.34,3413,1,1114
-15.65,400.84,7175.18,3414,1,1115
-15.69,400.49,7181.33,3415,1,1116
-15.74,400.14,7188.02,3416,1,1117
-15.78,399.75,7195.06,3417,0,1118
-15.82,399.34,7202.32,3418,0,1119
-15.85,398.93,7209.37,3419,0,1120
-15.91,398.55,7218.52,3420,1,1121
-15.96,397.94,7226.25,3421,1,1122
-15.98,397.63,7232.12,3422,1,1123
-16.01,397.28,7238.43,3423,1,1124
-16.04,396.92,7244.65,3424,1,1125
-16.07,396.56,7251.51,3425,1,1126
-16.11,396.17,7258.56,3426,0,1127
-16.15,395.76,7265.8,3427,0,1128
-16.21,395.37,7272.96,3428,0,1129
-16.37,394.95,7280.6,3429,0,1130
-16.48,394.53,7288.29,3430,0,1131
-16.51,394.09,7295.55,3431,0,1132
-16.51,393.71,7302.39,3432,1,1133
-16.53,393.32,7309.77,3433,1,1134
-16.56,392.9,7317.53,3434,0,1135
-16.58,392.46,7325.18,3435,0,1136
-16.6,392.03,7331.93,3436,1,1137
-16.81,391.69,7338.57,3437,1,1138
-16.92,391.31,7345.63,3438,1,1139
-16.95,390.9,7352.67,3439,1,1140
-16.98,390.53,7359.42,3440,0,1141
-17.01,390.15,7366.52,3441,0,1142
-17,389.75,7379.17,3442,0,1143
-16.93,389.03,7385.41,3443,0,1144
-16.93,388.76,7390.85,3444,1,1145
-16.95,388.43,7397.24,3445,1,1146
-16.97,388.06,7403.68,3446,0,1147
-17.02,387.71,7410.56,3447,0,1148
-17.13,387.31,7418.17,3448,0,1149
-17.16,386.88,7426.08,3449,0,1150
-17.18,386.44,7433.88,3450,1,1151
-17.19,386.02,7441.1,3451,1,1152
-17.21,385.63,7448.15,3452,0,1153
-17.22,385.26,7455.19,3453,0,1154
-17.26,384.85,7463.05,3454,0,1155
-17.28,384.42,7471.22,3455,0,1156
-17.29,383.95,7479.21,3456,0,1157
-17.29,383.53,7486.37,3457,1,1158
-17.42,383.17,7492.65,3458,1,1159
-17.52,382.84,7498.54,3459,1,1160
-17.56,382.53,7504.03,3460,1,1161
-17.64,382.23,7509.62,3461,1,1162
-17.73,381.91,7515.45,3462,1,1163
-17.77,381.6,7521.4,3463,0,1164
-17.83,381.27,7527.84,3464,0,1165
-17.87,380.9,7535,3465,0,1166
-17.9,380.5,7542.3,3466,1,1167
-17.91,380.11,7549.33,3467,1,1168
-17.91,379.74,7555.99,3468,0,1169
-17.91,379.38,7563,3469,0,1170
-17.93,378.97,7570.3,3470,1,1171
-18,378.61,7576.79,3471,1,1172
-18.02,378.25,7583.01,3472,0,1173
-18.03,377.92,7589.55,3473,0,1174
-18.05,377.56,7596.19,3474,1,1175
-18.17,377.21,7604.12,3475,1,1176
-18.19,376.71,7611.73,3476,1,1177
-18.21,376.37,7618.37,3477,1,1178
-18.23,376,7625.4,3478,0,1179
-18.23,375.62,7631.9,3479,0,1180
-18.23,375.28,7638.11,3480,0,1181
-18.23,374.97,7643.82,3481,0,1182
-18.25,374.66,7649.48,3482,1,1183
-18.35,374.35,7655.85,3483,1,1184
-18.47,373.99,7662.52,3484,0,1185
-18.5,373.64,7669.22,3485,0,1186
-18.57,373.27,7675.81,3486,0,1187
-18.76,372.93,7682.5,3487,1,1188
-18.88,372.56,7689.08,3488,1,1189
-19.04,372.22,7695.86,3489,0,1190
-19.13,371.86,7702.76,3490,0,1191
-19.17,371.48,7710.01,3491,0,1192
-19.2,371.09,7717.06,3492,0,1193
-19.23,370.72,7724.38,3493,0,1194
-19.3,370.31,7732.06,3494,0,1195
-19.33,369.91,7739.3,3495,1,1196
-19.35,369.53,7746.53,3496,1,1197
-19.38,369.14,7753.89,3497,0,1198
-19.41,368.75,7761.26,3498,0,1199
-19.44,368.37,7768.9,3499,0,1200
-19.47,367.94,7776.43,3500,1,1201
-19.47,367.56,7784.03,3501,1,1202
-19.48,367.14,7791.46,3502,1,1203
-19.49,366.78,7798.43,3503,1,1204
-19.52,366.4,7805.71,3504,1,1205
-19.56,366.02,7813.09,3505,1,1206
-19.6,365.63,7820.54,3506,1,1207
-19.62,365.24,7827.61,3507,0,1208
-19.65,364.87,7834.58,3508,0,1209
-19.69,364.5,7841.91,3509,0,1210
-19.71,364.11,7849.51,3510,1,1211
-19.72,363.7,7857.41,3511,1,1212
-19.75,363.29,7865.45,3512,1,1213
-19.77,362.86,7872.8,3513,1,1214
-19.79,362.51,7879.92,3514,1,1215
-19.8,362.13,7886.99,3515,1,1216
-19.85,361.76,7894.09,3516,1,1217
-19.88,361.39,7901.45,3517,1,1218
-19.88,361,7908.44,3518,1,1219
-19.99,360.65,7915.47,3519,0,1220
-20.1,360.27,7922.86,3520,0,1221
-20.15,359.89,7930.21,3521,1,1222
-20.23,359.51,7937.54,3522,1,1223
-20.3,359.13,7944.58,3523,1,1224
-20.34,358.77,7951.63,3524,1,1225
-20.36,358.39,7959.26,3525,1,1226
-20.39,357.99,7967.01,3526,1,1227
-20.41,357.59,7974.46,3527,1,1228
-20.51,357.22,7982.44,3528,0,1229
-20.58,356.78,7990.76,3529,0,1230
-20.59,356.36,7998.25,3530,1,1231
-20.6,355.99,8005.76,3531,1,1232
-20.63,355.59,8013.55,3532,1,1233
-20.65,355.18,8021.5,3533,0,1234
-20.66,354.78,8029.34,3534,0,1235
-20.69,354.39,8036.52,3535,1,1236
-20.77,354.03,8044.07,3536,1,1237
-20.81,353.63,8051.54,3537,1,1238
-20.83,353.25,8059.14,3538,1,1239
-20.87,352.86,8066.87,3539,1,1240
-21.04,352.46,8074.43,3540,1,1241
-21.09,352.07,8082.2,3541,1,1242
-21.12,351.68,8089.96,3542,1,1243
-21.15,351.29,8097.79,3543,0,1244
-21.16,350.88,8105.44,3544,0,1245
-21.21,350.49,8113.67,3545,0,1246
-21.34,350.06,8121.97,3546,1,1247
-21.39,349.64,8129.63,3547,1,1248
-21.47,349.28,8136.66,3548,0,1249
-21.63,348.93,8143.98,3549,0,1250
-21.71,348.54,8151.99,3550,0,1251
-21.73,348.13,8159.42,3551,0,1252
-21.8,347.77,8166.79,3552,1,1253
-21.96,347.38,8174.57,3553,1,1254
-22.01,346.99,8182.18,3554,1,1255
-22.04,346.62,8189.25,3555,1,1256
-22.07,346.27,8196.04,3556,1,1257
-22.1,345.93,8203.17,3557,0,1258
-22.22,345.57,8210.08,3558,0,1259
-22.27,345.22,8217.18,3559,0,1260
-22.3,344.86,8224.69,3560,0,1261
-22.33,344.48,8232.15,3561,0,1262
-22.35,344.11,8239.84,3562,1,1263
-22.38,343.72,8246.94,3563,1,1264
-22.54,343.39,8253.72,3564,1,1265
-22.7,343.04,8260.89,3565,1,1266
-22.75,342.66,8268.78,3566,1,1267
-22.77,342.25,8276.89,3567,1,1268
-22.76,341.86,8284.29,3568,1,1269
-22.76,341.51,8291.38,3569,1,1270
-22.78,341.15,8298.33,3570,0,1271
-22.8,340.82,8305.26,3571,0,1272
-22.84,340.47,8312.51,3572,0,1273
-22.86,340.1,8320.09,3573,0,1274
-22.87,339.72,8327.62,3574,0,1275
-22.9,339.35,8334.75,3575,1,1276
-22.92,339,8342.2,3576,1,1277
-23.04,338.63,8349.35,3577,0,1278
-23.06,338.28,8356.32,3578,0,1279
-23.05,337.94,8363.67,3579,0,1280
-23.07,337.55,8371.29,3580,1,1281
-23.16,337.19,8378.89,3581,1,1282
-23.18,336.82,8386.32,3582,1,1283
-23.22,336.45,8393.78,3583,1,1284
-23.35,336.09,8400.65,3584,0,1285
-23.39,335.75,8407.56,3585,0,1286
-23.41,335.42,8414.46,3586,0,1287
-23.44,335.08,8421.9,3587,1,1288
-23.46,334.69,8430.07,3588,1,1289
-23.49,334.28,8437.86,3589,1,1290
-23.53,333.92,8444.97,3590,1,1291
-23.55,333.59,8451.28,3591,0,1292
-23.55,333.29,8457.03,3592,0,1293
-23.57,333.02,8462.32,3593,0,1294
-23.57,332.78,8467.35,3594,0,1295
-23.57,332.53,8472.48,3595,1,1296
-23.58,332.29,8477.42,3596,1,1297
-23.6,332.06,8482.8,3597,1,1298
-23.62,331.76,8489.44,3598,1,1299
-23.63,331.42,8496.55,3599,0,1300
-23.65,331.07,8503.51,3600,0,1301
-23.65,330.74,8510.67,3601,0,1302
-23.66,330.37,8518.03,3602,0,1303
-23.67,330.04,8524.15,3603,1,1304
-23.77,329.76,8529.95,3604,1,1305
-23.89,329.48,8535.77,3605,1,1306
-23.91,329.2,8541.67,3606,1,1307
-23.9,328.91,8547.5,3607,1,1308
-23.98,328.64,8553.02,3608,1,1309
-24.15,328.38,8558.99,3609,1,1310
-24.28,328.07,8564.58,3610,1,1311
-24.39,327.81,8569.49,3611,0,1312
-24.53,327.6,8574.22,3612,0,1313
-24.72,327.37,8579.09,3613,0,1314
-24.79,327.12,8584.31,3614,0,1315
-24.84,326.87,8590.01,3615,1,1316
-24.88,326.59,8595.64,3616,1,1317
-24.97,326.31,8601.56,3617,0,1318
-25.1,326.03,8607.66,3618,0,1319
-25.23,325.73,8613.87,3619,1,1320
-25.29,325.43,8620.48,3620,1,1321
-25.32,325.11,8626.96,3621,1,1322
-25.35,324.79,8633.8,3622,1,1323
-25.37,324.48,8640.11,3623,1,1324
-25.42,324.18,8646.91,3624,1,1325
-25.49,323.83,8654.42,3625,1,1326
-25.54,323.48,8661.45,3626,0,1327
-25.56,323.14,8668.37,3627,0,1328
-25.59,322.82,8675.07,3628,0,1329
-25.61,322.5,8681.8,3629,1,1330
-25.63,322.19,8688.31,3630,1,1331
-25.66,321.88,8694.63,3631,0,1332
-25.72,321.58,8701.6,3632,0,1333
-25.79,321.24,8711.51,3633,1,1334
-25.78,320.66,8719.86,3634,1,1335
-25.76,320.41,8725.28,3635,1,1336
-25.85,320.15,8731.26,3636,0,1337
-25.98,319.84,8738.46,3637,0,1338
-26.11,319.49,8746.02,3638,1,1339
-26.16,319.12,8754.32,3639,1,1340
-26.2,318.72,8762.54,3640,1,1341
-26.12,318.33,8770.04,3641,1,1342
-26.2,318.01,8777.29,3642,1,1343
-26.33,317.66,8783.99,3643,1,1344
-26.37,317.37,8790.23,3644,0,1345
-26.38,317.07,8796.88,3645,0,1346
-26.4,316.74,8804.61,3646,0,1347
-26.44,316.36,8812.86,3647,1,1348
-26.46,315.97,8820.75,3648,1,1349
-26.59,315.62,8828.23,3649,0,1350
-26.7,315.28,8835.2,3650,0,1351
-26.84,314.96,8842.32,3651,1,1352
-27.01,314.61,8850.39,3652,1,1353
-27.06,314.24,8858.02,3653,1,1354
-26.99,313.88,8865.68,3654,1,1355
-26.99,313.53,8873.09,3655,1,1356
-27.02,313.18,8881,3656,0,1357
-27.05,312.8,8888.74,3657,0,1358
-27.08,312.45,8896.05,3658,0,1359
-27.09,312.13,8902.95,3659,0,1360
-27.11,311.81,8910.07,3660,0,1361
-27.12,311.48,8917.05,3661,1,1362
-27.12,311.16,8924.33,3662,1,1363
-27.11,310.82,8931.43,3663,1,1364
-27.13,310.49,8938.76,3664,1,1365
-27.13,310.15,8946.48,3665,1,1366
-27.14,309.78,8954.44,3666,0,1367
-27.16,309.41,8961.8,3667,0,1368
-27.24,309.11,8968.88,3668,1,1369
-27.29,308.76,8975.8,3669,1,1370
-27.3,308.47,8982.48,3670,1,1371
-27.32,308.15,8989.17,3671,0,1372
-27.32,307.86,8995.9,3672,0,1373
-27.32,307.54,9002.72,3673,1,1374
-27.32,307.22,9010.29,3674,1,1375
-27.33,306.86,9018.41,3675,1,1376
-27.35,306.49,9025.77,3676,0,1377
-27.36,306.17,9032.76,3677,0,1378
-27.38,305.87,9039.35,3678,0,1379
-27.39,305.56,9046.05,3679,0,1380
-27.41,305.26,9053.26,3680,1,1381
-27.48,304.91,9060.79,3681,1,1382
-27.5,304.57,9068.54,3682,1,1383
-27.51,304.21,9075.58,3683,1,1384
-27.59,303.92,9082.12,3684,0,1385
-27.73,303.61,9089.21,3685,0,1386
-27.75,303.3,9096,3686,0,1387
-27.78,302.98,9103.31,3687,0,1388
-27.81,302.64,9110.27,3688,1,1389
-27.84,302.35,9116.54,3689,1,1390
-27.94,302.06,9123.36,3690,1,1391
-27.96,301.75,9130.77,3691,1,1392
-27.97,301.41,9138.28,3692,0,1393
-27.98,301.08,9145.38,3693,0,1394
-27.99,300.75,9152.49,3694,0,1395
-28.12,300.44,9159.31,3695,0,1396
-28.16,300.14,9165.79,3696,1,1397
-28.18,299.86,9172.49,3697,1,1398
-28.21,299.54,9181.76,3698,1,1399
-28.21,299.06,9189.16,3699,1,1400
-28.24,298.83,9194.59,3700,1,1401
-28.39,298.57,9200.97,3701,0,1402
-28.5,298.27,9207.68,3702,0,1403
-28.56,297.98,9214.3,3703,0,1404
-28.6,297.69,9220.75,3704,0,1405
-28.62,297.39,9227.3,3705,1,1406
-28.68,297.12,9233.62,3706,1,1407
-28.84,296.82,9240.98,3707,1,1408
-28.91,296.47,9248.75,3708,1,1409
-28.94,296.14,9256.11,3709,0,1410
-28.96,295.81,9263.63,3710,0,1411
-28.98,295.48,9270.23,3711,0,1412
-29.06,295.21,9275.83,3712,0,1413
-29.19,294.98,9280.86,3713,0,1414
-29.34,294.76,9286.25,3714,1,1415
-29.51,294.5,9292.85,3715,1,1416
-29.56,294.2,9300,3716,0,1417
-29.6,293.87,9307.55,3717,0,1418
-29.63,293.54,9314.97,3718,1,1419
-29.64,293.2,9322.66,3719,1,1420
-29.67,292.86,9330.27,3720,0,1421
-29.7,292.53,9337.76,3721,0,1422
-29.76,292.2,9345.8,3722,0,1423
-29.83,291.84,9353.96,3723,0,1424
-29.86,291.49,9361.71,3724,1,1425
-29.97,291.16,9369.7,3725,1,1426
-30.05,290.79,9376.81,3726,1,1427
-30.11,290.52,9383.04,3727,1,1428
-30.21,290.25,9392.27,3728,1,1429
-30.25,289.74,9400.1,3729,1,1430
-30.26,289.53,9405.81,3730,0,1431
-30.28,289.27,9411.86,3731,0,1432
-30.3,288.99,9418.51,3732,0,1433
-30.3,288.69,9425.5,3733,0,1434
-30.31,288.39,9432.53,3734,1,1435
-30.36,288.08,9439.81,3735,1,1436
-30.43,287.77,9446.74,3736,1,1437
-30.45,287.47,9453.55,3737,1,1438
-30.46,287.18,9460.55,3738,1,1439
-30.47,286.87,9467.89,3739,1,1440
-30.55,286.54,9476.05,3740,0,1441
-30.55,286.18,9484.01,3741,0,1442
-30.55,285.85,9491.61,3742,0,1443
-30.56,285.51,9499.18,3743,1,1444
-30.64,285.2,9506.45,3744,1,1445
-30.7,284.87,9513.65,3745,0,1446
-30.75,284.58,9520.62,3746,0,1447
-30.78,284.29,9527.24,3747,1,1448
-30.8,284.01,9533.45,3748,1,1449
-30.9,283.74,9540.25,3749,0,1450
-30.99,283.44,9547.12,3750,0,1451
-31.01,283.14,9553.73,3751,0,1452
-31.02,282.88,9559.69,3752,1,1453
-31.02,282.63,9565.81,3753,1,1454
-31.1,282.36,9571.87,3754,1,1455
-31.12,282.11,9577.69,3755,1,1456
-31.13,281.86,9584,3756,1,1457
-31.16,281.58,9590.47,3757,1,1458
-31.21,281.3,9597.28,3758,1,1459
-31.22,281.01,9604.3,3759,1,1460
-31.23,280.7,9611.2,3760,1,1461
-31.25,280.42,9618.24,3761,1,1462
-31.27,280.12,9625.11,3762,1,1463
-31.28,279.83,9631.94,3763,1,1464
-31.37,279.53,9638.99,3764,1,1465
-31.43,279.24,9645.81,3765,1,1466
-31.45,278.95,9652.35,3766,1,1467
-31.5,278.69,9659.13,3767,0,1468
-31.53,278.38,9666.53,3768,0,1469
-31.55,278.06,9674.43,3769,0,1470
-31.57,277.73,9681.35,3770,1,1471
-31.69,277.46,9688.2,3771,1,1472
-31.73,277.16,9696.52,3772,1,1473
-31.73,276.78,9704.58,3773,1,1474
-31.74,276.46,9712.9,3774,0,1475
-31.75,276.08,9721.9,3775,0,1476
-31.73,275.72,9730.31,3776,0,1477
-31.75,275.38,9738.5,3777,1,1478
-31.77,275.03,9746.35,3778,1,1479
-31.9,274.72,9753.18,3779,1,1480
-32.06,274.44,9759.74,3780,1,1481
-32.1,274.17,9766.01,3781,1,1482
-32.12,273.92,9771.85,3782,1,1483
-32.13,273.69,9777.31,3783,0,1484
-32.21,273.47,9782.84,3784,0,1485
-32.32,273.24,9788.1,3785,1,1486
-32.37,273.02,9793.73,3786,1,1487
-32.39,272.77,9799.91,3787,1,1488
-32.41,272.52,9805.68,3788,0,1489
-32.44,272.28,9811.86,3789,0,1490
-32.56,272.02,9817.45,3790,0,1491
-32.59,271.8,9823.44,3791,0,1492
-32.61,271.53,9830.27,3792,1,1493
-32.64,271.24,9837.17,3793,1,1494
-32.65,270.96,9843.55,3794,0,1495
-32.68,270.71,9849.77,3795,0,1496
-32.7,270.44,9856.53,3796,0,1497
-32.72,270.17,9863.59,3797,0,1498
-32.73,269.85,9871.76,3798,1,1499
-32.73,269.5,9880.13,3799,1,1500
-32.76,269.17,9888.28,3800,1,1501
-32.78,268.82,9897.83,3801,1,1502
-32.69,268.41,9905.76,3802,1,1503
-32.72,268.15,9912.4,3803,1,1504
-32.9,267.86,9919.58,3804,1,1505
-32.95,267.57,9926.55,3805,0,1506
-32.97,267.29,9933.58,3806,0,1507
-33,266.99,9940.59,3807,1,1508
-33.03,266.72,9947.15,3808,1,1509
-33.09,266.46,9953.39,3809,0,1510
-33.2,266.21,9959.18,3810,0,1511
-33.26,265.98,9964.26,3811,1,1512
-33.37,265.78,9969.34,3812,1,1513
-33.49,265.58,9974.67,3813,0,1514
-33.62,265.35,9981.22,3814,0,1515
-33.67,265.05,9988.38,3815,1,1516
-33.7,264.77,9995.05,3816,1,1517
-33.68,264.51,10001.66,3817,0,1518
-33.68,264.24,10008.88,3818,0,1519
-33.7,263.94,10016.47,3819,1,1520
-33.71,263.62,10024.42,3820,1,1521
-33.73,263.3,10032.35,3821,1,1522
-33.78,262.97,10041.46,3822,1,1523
-33.82,262.59,10050.38,3823,1,1524
-33.84,262.24,10059.18,3824,1,1525
-33.85,261.89,10068.04,3825,1,1526
-33.87,261.53,10076.02,3826,1,1527
-33.93,261.23,10082.75,3827,1,1528
-33.99,260.98,10088.77,3828,0,1529
-34.01,260.75,10094.71,3829,0,1530
-34.03,260.52,10100.37,3830,1,1531
-34.13,260.27,10106.96,3831,1,1532
-34.16,260.01,10113.64,3832,1,1533
-34.27,259.72,10121.41,3833,1,1534
-34.3,259.41,10128.65,3834,1,1535
-34.34,259.13,10135.64,3835,1,1536
-34.37,258.85,10142.95,3836,1,1537
-34.4,258.56,10150.26,3837,0,1538
-34.43,258.27,10157.5,3838,0,1539
-34.51,257.98,10165.12,3839,0,1540
-34.58,257.68,10172.69,3840,1,1541
-34.66,257.39,10180.31,3841,1,1542
-34.71,257.07,10187.91,3842,1,1543
-34.71,256.78,10194.82,3843,1,1544
-34.74,256.5,10202.35,3844,1,1545
-34.79,256.2,10210.14,3845,1,1546
-34.82,255.89,10217.72,3846,1,1547
-34.85,255.59,10225.57,3847,1,1548
-34.88,255.29,10232.94,3848,1,1549
-34.9,255,10239.66,3849,0,1550
-34.91,254.77,10245.63,3850,0,1551
-34.95,254.53,10251.84,3851,0,1552
-34.98,254.28,10258.27,3852,1,1553
-35,254.02,10264.54,3853,1,1554
-35,253.78,10270.26,3854,0,1555
-35.01,253.58,10275.54,3855,0,1556
-35.03,253.37,10281.16,3856,1,1557
-35.05,253.14,10286.94,3857,1,1558
-35.08,252.91,10293.06,3858,1,1559
-35.11,252.67,10299.16,3859,1,1560
-35.15,252.44,10304.58,3860,1,1561
-35.19,252.24,10309.45,3861,1,1562
-35.21,252.05,10314.47,3862,1,1563
-35.22,251.85,10319.84,3863,0,1564
-35.22,251.64,10325.4,3864,0,1565
-35.24,251.42,10330.33,3865,1,1566
-35.38,251.24,10335.07,3866,1,1567
-35.52,251.06,10339.88,3867,1,1568
-35.62,250.88,10344.74,3868,1,1569
-35.69,250.69,10349.55,3869,0,1570
-35.71,250.5,10354.63,3870,0,1571
-35.73,250.29,10359.9,3871,1,1572
-35.81,250.1,10365.32,3872,1,1573
-35.94,249.88,10370.76,3873,1,1574
-35.98,249.67,10376.67,3874,0,1575
-36.01,249.43,10382.74,3875,0,1576
-36.05,249.19,10388.72,3876,1,1577
-36.08,248.96,10394.92,3877,1,1578
-36.1,248.73,10400.76,3878,1,1579
-36.11,248.5,10407.18,3879,0,1580
-36.14,248.25,10413.62,3880,0,1581
-36.19,248,10420.27,3881,0,1582
-36.26,247.74,10427.35,3882,1,1583
-36.28,247.45,10435.24,3883,1,1584
-36.31,247.14,10443.3,3884,1,1585
-36.35,246.83,10451.19,3885,1,1586
-36.36,246.54,10458.36,3886,1,1587
-36.45,246.28,10465.68,3887,1,1588
-36.53,245.97,10473.33,3888,1,1589
-36.56,245.7,10480.24,3889,1,1590
-36.59,245.44,10486.82,3890,0,1591
-36.62,245.2,10492.49,3891,0,1592
-36.64,244.99,10498.46,3892,0,1593
-36.65,244.76,10504.83,3893,1,1594
-36.66,244.52,10511.13,3894,1,1595
-36.68,244.28,10517.62,3895,1,1596
-36.7,244.02,10524.86,3896,0,1597
-36.71,243.73,10533.28,3897,0,1598
-36.72,243.39,10542.23,3898,0,1599
-36.72,243.06,10550.87,3899,0,1600
-36.72,242.73,10559.41,3900,0,1601
-36.74,242.42,10566.91,3901,0,1602
-36.88,242.15,10574.02,3902,1,1603
-37,241.89,10581.07,3903,1,1604
-37.03,241.61,10588.72,3904,0,1605
-37.05,241.32,10597.23,3905,0,1606
-37.08,240.99,10605.76,3906,0,1607
-37.15,240.67,10614.1,3907,1,1608
-37.26,240.36,10622.73,3908,1,1609
-37.52,240.03,10630.86,3909,0,1610
-37.6,239.72,10640.47,3910,0,1611
-37.56,239.32,10649.69,3911,0,1612
-37.43,239.05,10656.35,3912,0,1613
-37.42,238.82,10662.3,3913,0,1614
-37.44,238.6,10673.53,3914,0,1615
-37.43,238.14,10679.49,3915,0,1616
-37.43,237.98,10684.44,3916,0,1617
-37.53,237.79,10690.84,3917,0,1618
-37.62,237.52,10698.2,3918,0,1619
-37.68,237.24,10704.93,3919,0,1620
-37.69,237,10711.79,3920,0,1621
-37.76,236.74,10719.06,3921,0,1622
-37.92,236.47,10728,3922,0,1623
-37.95,236.09,10736.81,3923,0,1624
-37.97,235.8,10744.2,3924,1,1625
-38.1,235.55,10751.18,3925,1,1626
-38.19,235.29,10757.94,3926,1,1627
-38.33,235.04,10764.4,3927,1,1628
-38.37,234.82,10769.87,3928,0,1629
-38.41,234.63,10775.16,3929,0,1630
-38.44,234.43,10780.49,3930,1,1631
-38.51,234.24,10786.48,3931,0,1632
-38.65,234,10793.08,3932,0,1633
-38.7,233.75,10800.11,3933,0,1634
-38.72,233.48,10808.32,3934,0,1635
-38.73,233.17,10816.42,3935,0,1636
-38.76,232.89,10823.66,3936,0,1637
-38.89,232.63,10830.54,3937,0,1638
-39.04,232.38,10837.06,3938,0,1639
-39.16,232.15,10843.5,3939,0,1640
-39.2,231.91,10850.46,3940,0,1641
-39.21,231.65,10857.92,3941,0,1642
-39.22,231.37,10866.01,3942,0,1643
-39.22,231.07,10874.85,3943,0,1644
-39.24,230.74,10884.35,3944,0,1645
-39.25,230.38,10894.35,3945,0,1646
-39.26,230.02,10903.49,3946,0,1647
-39.27,229.71,10911.79,3947,0,1648
-39.29,229.42,10919.33,3948,0,1649
-39.3,229.17,10926.01,3949,0,1650
-39.31,228.93,10932.28,3950,0,1651
-39.31,228.71,10937.56,3951,0,1652
-39.41,228.54,10942.63,3952,0,1653
-39.49,228.35,10946.99,3953,0,1654
-39.52,228.21,10951.61,3954,0,1655
-39.53,228.05,10957.06,3955,0,1656
-39.52,227.83,10962.32,3956,0,1657
-39.51,227.64,10968.16,3957,0,1658
-39.51,227.42,10974.48,3958,0,1659
-39.5,227.19,10981.13,3959,0,1660
-39.5,226.94,10988.03,3960,0,1661
-39.5,226.7,10994.48,3961,0,1662
-39.51,226.48,11000.58,3962,0,1663
-39.51,226.27,11006.34,3963,0,1664
-39.55,226.06,11012.33,3964,0,1665
-39.58,225.84,11018.01,3965,0,1666
-39.64,225.65,11023.61,3966,0,1667
-39.75,225.45,11029,3967,0,1668
-39.81,225.27,11033.99,3968,0,1669
-39.85,225.09,11039.11,3969,0,1670
-39.87,224.9,11044.56,3970,0,1671
-39.89,224.71,11050.18,3971,0,1672
-39.92,224.5,11056.14,3972,0,1673
-39.94,224.28,11063.34,3973,0,1674
-39.95,223.98,11070.85,3974,0,1675
-39.96,223.77,11077.59,3975,0,1676
-39.97,223.51,11084.9,3976,0,1677
-40,223.25,11091.65,3977,0,1678
-40.04,223.03,11097.52,3978,0,1679
-40.09,222.83,11103.26,3979,0,1680
-40.12,222.63,11111.72,3980,0,1681
-40.11,222.26,11118.2,3981,0,1682
-40.14,222.14,11121.43,3982,0,1683
-40.15,222.03,11124.51,3983,0,1684
-40.16,221.92,11128,3984,0,1685
-40.16,221.79,11131.56,3985,0,1686
-40.16,221.67,11136.14,3986,0,1687
-40.18,221.48,11141.34,3987,0,1688
-40.21,221.31,11146.54,3988,0,1689
-40.29,221.11,11152.67,3989,0,1690
-40.36,220.88,11159.07,3990,0,1691
-40.39,220.67,11165.07,3991,0,1692
-40.4,220.46,11171.53,3992,0,1693
-40.41,220.22,11177.48,3993,0,1694
-40.4,220.03,11183.18,3994,0,1695
-40.37,219.83,11188.71,3995,0,1696
-40.37,219.65,11194.97,3996,0,1697
-40.36,219.39,11202.77,3997,0,1698
-40.37,219.12,11211.68,3998,0,1699
-40.42,218.78,11220.43,3999,0,1700
-40.44,218.5,11228.41,4000,0,1701
-40.45,218.23,11236.92,4001,0,1702
-40.45,217.86,11245.38,4002,0,1703
-40.44,217.68,11249.95,4003,0,1704
-40.46,217.53,11254.57,4004,0,1705
-40.54,217.37,11259.32,4005,0,1706
-40.55,217.21,11264,4006,0,1707
-40.58,217.04,11269.55,4007,0,1708
-40.6,216.83,11276.2,4008,0,1709
-40.62,216.59,11283.8,4009,0,1710
-40.64,216.31,11291.7,4010,0,1711
-40.54,216.05,11299.04,4011,0,1712
-40.54,215.8,11306.11,4012,0,1713
-40.58,215.56,11312.61,4013,0,1714
-40.61,215.34,11318.48,4014,0,1715
-40.69,215.17,11323.29,4015,0,1716
-40.78,215,11328.62,4016,0,1717
-40.82,214.8,11335.05,4017,0,1718
-40.84,214.57,11342.49,4018,0,1719
-40.86,214.31,11350.39,4019,0,1720
-40.86,214.02,11359.2,4020,0,1721
-40.86,213.72,11368.43,4021,0,1722
-40.92,213.39,11377.16,4022,0,1723
-40.97,213.12,11384.74,4023,0,1724
-41.02,212.87,11392,4024,0,1725
-41.18,212.63,11399.86,4025,0,1726
-41.25,212.35,11408.12,4026,0,1727
-41.36,212.06,11417.09,4027,0,1728
-41.41,211.75,11426.25,4028,0,1729
-41.43,211.43,11436.01,4029,0,1730
-41.44,211.1,11444.96,4030,0,1731
-41.48,210.82,11453.02,4031,0,1732
-41.56,210.55,11460.72,4032,0,1733
-41.6,210.31,11466.83,4033,0,1734
-41.65,210.12,11472.37,4034,0,1735
-41.7,209.94,11478.11,4035,0,1736
-41.71,209.75,11484.49,4036,0,1737
-41.71,209.51,11491.6,4037,0,1738
-41.73,209.26,11499.19,4038,0,1739
-41.73,209,11507.68,4039,0,1740
-41.75,208.7,11515.96,4040,0,1741
-41.77,208.44,11523,4041,0,1742
-41.84,208.23,11529.81,4042,0,1743
-41.93,207.99,11537.01,4043,0,1744
-41.98,207.76,11543.84,4044,0,1745
-42.02,207.53,11550.44,4045,0,1746
-42.11,207.32,11557.68,4046,0,1747
-42.06,207.05,11566.09,4047,0,1748
-42.07,206.77,11575.31,4048,0,1749
-42.11,206.44,11585.11,4049,0,1750
-42.12,206.12,11594.16,4050,0,1751
-42.13,205.84,11601.85,4051,0,1752
-42.25,205.59,11609.08,4052,0,1753
-42.3,205.37,11619.11,4053,0,1754
-42.33,204.95,11627.5,4054,0,1755
-42.38,204.79,11632.74,4055,0,1756
-42.4,204.61,11638.89,4056,0,1757
-42.42,204.4,11646.05,4057,0,1758
-42.45,204.16,11653.3,4058,0,1759
-42.48,203.91,11660.01,4059,0,1760
-42.61,203.7,11666.64,4060,0,1761
-42.72,203.48,11673.83,4061,0,1762
-42.78,203.24,11681.65,4062,0,1763
-42.81,202.97,11689.33,4063,0,1764
-42.85,202.73,11697.15,4064,0,1765
-42.89,202.46,11705.72,4065,0,1766
-42.9,202.17,11712.76,4066,0,1767
-42.97,201.99,11718.67,4067,0,1768
-43.05,201.79,11724.55,4068,0,1769
-43.09,201.62,11729.92,4069,0,1770
-43.11,201.43,11736.46,4070,0,1771
-43.12,201.2,11742.99,4071,0,1772
-43.16,201.01,11749.45,4072,0,1773
-43.23,200.78,11756.09,4073,0,1774
-43.25,200.57,11762.64,4074,0,1775
-43.29,200.36,11768.61,4075,0,1776
-43.36,200.18,11774.54,4076,0,1777
-43.39,199.98,11780.88,4077,0,1778
-43.4,199.77,11788.57,4078,0,1779
-43.4,199.5,11796.77,4079,0,1780
-43.41,199.23,11804.88,4080,0,1781
-43.45,198.98,11812.17,4081,0,1782
-43.52,198.76,11819.65,4082,0,1783
-43.56,198.51,11827.33,4083,0,1784
-43.57,198.26,11834.77,4084,0,1785
-43.57,198.03,11843.19,4085,0,1786
-43.56,197.72,11852.46,4086,0,1787
-43.56,197.44,11860.53,4087,0,1788
-43.57,197.2,11867.67,4088,0,1789
-43.63,196.98,11874.44,4089,0,1790
-43.66,196.79,11880.94,4090,0,1791
-43.66,196.55,11886.55,4091,0,1792
-43.69,196.43,11891.11,4092,0,1793
-43.72,196.25,11896.65,4093,0,1794
-43.72,196.08,11902.9,4094,0,1795
-43.71,195.88,11908.69,4095,0,1796
-43.7,195.69,11914.88,4096,0,1797
-43.74,195.49,11921.69,4097,0,1798
-43.74,195.26,11929.15,4098,0,1799
-43.71,195.03,11935.56,4099,0,1800
-43.76,194.83,11942.11,4100,0,1801
-43.81,194.62,11948.95,4101,0,1802
-43.83,194.4,11956.88,4102,0,1803
-43.81,194.13,11965.19,4103,0,1804
-43.8,193.87,11973.38,4104,0,1805
-43.8,193.62,11983.67,4105,0,1806
-43.77,193.26,11991.83,4106,0,1807
-43.74,193.06,11997.71,4107,0,1808
-43.73,192.89,12002.84,4108,0,1809
-43.74,192.74,12007.59,4109,0,1810
-43.72,192.59,12012.41,4110,0,1811
-43.7,192.44,12017.73,4111,0,1812
-43.69,192.26,12023.95,4112,0,1813
-43.68,192.06,12031.01,4113,0,1814
-43.66,191.81,12039.31,4114,0,1815
-43.65,191.56,12047.58,4115,0,1816
-43.63,191.29,12056.86,4116,0,1817
-43.63,190.99,12069.81,4117,0,1818
-43.59,190.51,12079.21,4118,0,1819
-43.52,190.34,12085.05,4119,0,1820
-43.5,190.17,12089.67,4120,0,1821
-43.5,190.04,12093.73,4121,0,1822
-43.49,189.91,12097.69,4122,0,1823
-43.48,189.8,12101.69,4123,0,1824
-43.47,189.67,12106.45,4124,0,1825
-43.46,189.51,12112,4125,0,1826
-43.45,189.33,12117.47,4126,0,1827
-43.47,189.18,12122.89,4127,0,1828
-43.54,188.99,12129.67,4128,0,1829
-43.57,188.77,12136.83,4129,0,1830
-43.56,188.54,12144.6,4130,0,1831
-43.55,188.29,12152.4,4131,0,1832
-43.54,188.06,12159.29,4132,0,1833
-43.57,187.86,12166.17,4133,0,1834
-43.61,187.64,12172.81,4134,0,1835
-43.65,187.46,12177.99,4135,0,1836
-43.66,187.31,12182.65,4136,0,1837
-43.66,187.17,12187.66,4137,0,1838
-43.65,187.02,12192.62,4138,0,1839
-43.67,186.86,12198.33,4139,0,1840
-43.67,186.68,12204.95,4140,0,1841
-43.67,186.45,12212.61,4141,0,1842
-43.65,186.22,12221.37,4142,0,1843
-43.64,185.94,12229.85,4143,0,1844
-43.65,185.68,12238.48,4144,0,1845
-43.63,185.42,12247.58,4145,0,1846
-43.63,185.14,12256.35,4146,0,1847
-43.67,184.88,12263.67,4147,0,1848
-43.69,184.69,12269.99,4148,0,1849
-43.72,184.5,12275.07,4149,0,1850
-43.77,184.35,12279.76,4150,0,1851
-43.79,184.22,12284.29,4151,0,1852
-43.8,184.09,12289.25,4152,0,1853
-43.8,183.92,12294.68,4153,0,1854
-43.81,183.76,12299.68,4154,0,1855
-43.81,183.61,12304.76,4155,0,1856
-43.83,183.47,12309.33,4156,0,1857
-43.86,183.33,12313.77,4157,0,1858
-43.87,183.19,12318.57,4158,0,1859
-43.88,183.06,12323.13,4159,0,1860
-43.88,182.91,12328.12,4160,0,1861
-43.88,182.76,12332.99,4161,0,1862
-43.87,182.61,12337.78,4162,0,1863
-43.92,182.47,12343.15,4163,0,1864
-43.93,182.3,12349.7,4164,0,1865
-43.93,182.08,12356,4165,0,1866
-43.94,181.92,12361.53,4166,0,1867
-43.95,181.75,12367.09,4167,0,1868
-43.95,181.58,12372.56,4168,0,1869
-43.96,181.43,12377.72,4169,0,1870
-44.03,181.27,12383.6,4170,0,1871
-44.06,181.09,12389.18,4171,0,1872
-44.07,180.93,12394.2,4172,0,1873
-44.08,180.78,12399.5,4173,0,1874
-44.11,180.63,12404.7,4174,0,1875
-44.18,180.47,12410.61,4175,0,1876
-44.2,180.27,12417.05,4176,0,1877
-44.21,180.09,12422.54,4177,0,1878
-44.24,179.94,12428,4178,0,1879
-44.28,179.78,12433.36,4179,0,1880
-44.29,179.62,12438.44,4180,0,1881
-44.3,179.47,12443.25,4181,0,1882
-44.36,179.32,12448.99,4182,0,1883
-44.41,179.16,12454.33,4183,0,1884
-44.44,179,12459.3,4184,0,1885
-44.47,178.86,12464.36,4185,0,1886
-44.53,178.71,12470.09,4186,0,1887
-44.57,178.51,12476.99,4187,0,1888
-44.58,178.3,12485.28,4188,0,1889
-44.59,178.06,12493.73,4189,0,1890
-44.6,177.8,12502.64,4190,0,1891
-44.51,177.52,12510.59,4191,0,1892
-44.57,177.33,12517.69,4192,0,1893
-44.62,177.11,12525.57,4193,0,1894
-44.63,176.88,12531.98,4194,0,1895
-44.63,176.71,12537.62,4195,0,1896
-44.65,176.56,12543.59,4196,0,1897
-44.7,176.35,12551.14,4197,0,1898
-44.73,176.14,12558.99,4198,0,1899
-44.72,175.9,12567.58,4199,0,1900
-44.71,175.64,12575.6,4200,0,1901
-44.71,175.42,12583.82,4201,0,1902
-44.75,175.18,12591.68,4202,0,1903
-44.82,174.94,12599.73,4203,0,1904
-44.85,174.71,12608.66,4204,0,1905
-44.85,174.45,12617.01,4205,0,1906
-44.93,174.22,12626.55,4206,0,1907
-44.98,173.91,12636.85,4207,0,1908
-45.01,173.62,12646.78,4208,0,1909
-45.02,173.33,12656.88,4209,0,1910
-45.01,173.05,12666.29,4210,0,1911
-45.01,172.78,12675.23,4211,0,1912
-45.02,172.53,12683.97,4212,0,1913
-45.03,172.28,12693.3,4213,0,1914
-45.03,172.01,12702.06,4214,0,1915
-45.01,171.76,12711.38,4215,0,1916
-45.01,171.49,12723.83,4216,0,1917
-44.95,171.08,12734.76,4217,0,1918
-44.88,170.83,12742.51,4218,0,1919
-44.84,170.64,12748.69,4219,0,1920
-44.83,170.47,12754.85,4220,0,1921
-44.83,170.3,12760.58,4221,0,1922
-44.81,170.15,12766.21,4222,0,1923
-44.81,169.97,12772.6,4223,0,1924
-44.8,169.79,12777.93,4224,0,1925
-44.83,169.66,12782.39,4225,0,1926
-44.86,169.54,12786.31,4226,0,1927
-44.86,169.43,12790.52,4227,0,1928
-44.87,169.31,12795.62,4228,0,1929
-44.86,169.15,12800.86,4229,0,1930
-44.86,169.01,12806.08,4230,0,1931
-44.86,168.86,12811.58,4231,0,1932
-44.86,168.7,12817.75,4232,0,1933
-44.86,168.52,12825.13,4233,0,1934
-44.87,168.29,12833.21,4234,0,1935
-44.87,168.06,12841.65,4235,0,1936
-44.86,167.82,12849.4,4236,0,1937
-44.9,167.62,12856.83,4237,0,1938
-44.91,167.41,12863.75,4238,0,1939
-44.9,167.22,12870.8,4239,0,1940
-44.86,167.02,12876.57,4240,0,1941
-44.87,166.9,12881.96,4241,0,1942
-44.9,166.72,12887.44,4242,0,1943
-44.93,166.59,12892.1,4243,0,1944
-44.93,166.45,12896.59,4244,0,1945
-44.92,166.34,12901.11,4245,0,1946
-44.91,166.21,12905.85,4246,0,1947
-44.9,166.07,12910.55,4247,0,1948
-44.89,165.94,12915.86,4248,0,1949
-44.89,165.79,12920.57,4249,0,1950
-44.88,165.68,12925.19,4250,0,1951
-44.88,165.54,12930.07,4251,0,1952
-44.87,165.4,12935.25,4252,0,1953
-44.86,165.26,12939.73,4253,0,1954
-44.89,165.14,12944.79,4254,0,1955
-44.91,164.98,12950.62,4255,0,1956
-44.91,164.83,12956.45,4256,0,1957
-44.91,164.66,12962.27,4257,0,1958
-44.91,164.5,12967.89,4258,0,1959
-44.91,164.35,12973.79,4259,0,1960
-44.91,164.19,12979.47,4260,0,1961
-44.91,164.02,12986.01,4261,0,1962
-44.91,163.85,12992.16,4262,0,1963
-44.94,163.67,12998.79,4263,0,1964
-44.96,163.49,13004.65,4264,0,1965
-44.96,163.33,13010.19,4265,0,1966
-44.98,163.2,13015.23,4266,0,1967
-44.98,163.05,13020.94,4267,0,1968
-44.99,162.89,13026.18,4268,0,1969
-44.99,162.76,13030.99,4269,0,1970
-45,162.63,13035.53,4270,0,1971
-45.02,162.51,13040.13,4271,0,1972
-45.05,162.39,13044.96,4272,0,1973
-45.07,162.25,13050.66,4273,0,1974
-45.09,162.08,13057.15,4274,0,1975
-45.1,161.9,13063.65,4275,0,1976
-45.1,161.72,13069.97,4276,0,1977
-45.12,161.56,13075.41,4277,0,1978
-45.18,161.42,13080.52,4278,0,1979
-45.22,161.27,13085.82,4279,0,1980
-45.26,161.13,13091.21,4280,0,1981
-45.31,160.99,13096.7,4281,0,1982
-45.36,160.83,13103.82,4282,0,1983
-45.38,160.61,13110.95,4283,0,1984
-45.39,160.43,13117.73,4284,0,1985
-45.4,160.26,13123.9,4285,0,1986
-45.4,160.08,13130.23,4286,0,1987
-45.43,159.93,13135.14,4287,0,1988
-45.46,159.81,13141.18,4288,0,1989
-45.48,159.62,13148.22,4289,0,1990
-45.49,159.42,13155.2,4290,0,1991
-45.49,159.24,13162.42,4291,0,1992
-45.5,159.04,13169.87,4292,0,1993
-45.5,158.83,13178.14,4293,0,1994
-45.5,158.61,13186.56,4294,0,1995
-45.5,158.38,13194.13,4295,0,1996
-45.49,158.2,13200.59,4296,0,1997
-45.53,158.04,13205.91,4297,0,1998
-45.56,157.91,13211.27,4298,0,1999
-45.6,157.75,13216.9,4299,0,2000
-45.61,157.6,13222.44,4300,0,2001
-45.62,157.47,13226.54,4301,0,2002
-45.63,157.37,13231.08,4302,0,2003
-45.63,157.24,13236.89,4303,0,2004
-45.63,157.07,13243.81,4304,0,2005
-45.62,156.87,13252.15,4305,0,2006
-45.62,156.64,13261.37,4306,0,2007
-45.58,156.4,13269.04,4307,0,2008
-45.57,156.2,13276.1,4308,0,2009
-45.57,156.03,13282.43,4309,0,2010
-45.56,155.87,13288.07,4310,0,2011
-45.54,155.72,13293.55,4311,0,2012
-45.54,155.57,13298.6,4312,0,2013
-45.56,155.45,13303.22,4313,1,2014
-45.59,155.34,13307.61,4314,0,2015
-45.62,155.22,13312.04,4315,0,2016
-45.63,155.1,13316.84,4316,0,2017
-45.64,154.97,13321.97,4317,1,2018
-45.64,154.84,13326.39,4318,1,2019
-45.63,154.73,13330.2,4319,1,2020
-45.64,154.64,13333.82,4320,0,2021
-45.64,154.54,13338.24,4321,0,2022
-45.64,154.42,13342.19,4322,0,2023
-45.64,154.32,13346.42,4323,1,2024
-45.66,154.21,13351.3,4324,1,2025
-45.66,154.06,13356.69,4325,1,2026
-45.66,153.93,13362.05,4326,0,2027
-45.66,153.79,13367.22,4327,0,2028
-45.66,153.64,13372.91,4328,1,2029
-45.66,153.49,13378.21,4329,1,2030
-45.65,153.38,13382.19,4330,1,2031
-45.64,153.27,13386.28,4331,1,2032
-45.64,153.16,13391.06,4332,1,2033
-45.63,153.03,13396.46,4333,1,2034
-45.62,152.89,13401.61,4334,1,2035
-45.59,152.77,13406.86,4335,1,2036
-45.59,152.61,13412.05,4336,1,2037
-45.62,152.49,13417.4,4337,1,2038
-45.62,152.34,13423.7,4338,1,2039
-45.63,152.16,13433.05,4339,1,2040
-45.57,151.86,13440.95,4340,1,2041
-45.6,151.75,13445.72,4341,1,2042
-45.63,151.61,13451.46,4342,1,2043
-45.66,151.46,13456.91,4343,1,2044
-45.65,151.33,13461.9,4344,1,2045
-45.67,151.19,13467.25,4345,1,2046
-45.69,151.06,13472.48,4346,1,2047
-45.69,150.92,13478.56,4347,1,2048
-45.73,150.75,13485.12,4348,1,2049
-45.74,150.58,13492.25,4349,1,2050
-45.75,150.41,13497.85,4350,1,2051
-45.77,150.27,13503.52,4351,1,2052
-45.8,150.13,13509.31,4352,1,2053
-45.83,149.97,13515.22,4353,1,2054
-45.84,149.84,13519.83,4354,1,2055
-45.84,149.71,13524.62,4355,1,2056
-45.85,149.6,13529.06,4356,1,2057
-45.87,149.48,13533.91,4357,1,2058
-45.87,149.35,13539.67,4358,1,2059
-45.86,149.21,13544.85,4359,1,2060
-45.86,149.07,13550.92,4360,1,2061
-45.86,148.91,13557.96,4361,1,2062
-45.82,148.68,13565.3,4362,1,2063
-45.8,148.57,13569.08,4363,1,2064
-45.8,148.47,13574.48,4364,0,2065
-45.79,148.31,13581.07,4365,0,2066
-45.77,148.13,13588.31,4366,0,2067
-45.77,147.95,13595.07,4367,1,2068
-45.77,147.79,13601.83,4368,1,2069
-45.76,147.61,13608.82,4369,0,2070
-45.76,147.43,13615.93,4370,0,2071
-45.75,147.26,13622.49,4371,0,2072
-45.75,147.09,13628.64,4372,1,2073
-45.76,146.95,13634.2,4373,1,2074
-45.76,146.81,13640.71,4374,1,2075
-45.74,146.64,13645.81,4375,1,2076
-45.77,146.53,13650.57,4376,0,2077
-45.78,146.41,13656.19,4377,0,2078
-45.79,146.25,13661.93,4378,1,2079
-45.77,146.11,13667.43,4379,1,2080
-45.77,145.98,13673.18,4380,1,2081
-45.77,145.83,13679.28,4381,1,2082
-45.78,145.67,13685.59,4382,1,2083
-45.81,145.51,13692.7,4383,1,2084
-45.81,145.33,13699.34,4384,1,2085
-45.84,145.17,13705.36,4385,1,2086
-45.85,145.03,13711.7,4386,1,2087
-45.85,144.87,13718.8,4387,1,2088
-45.85,144.67,13724.84,4388,1,2089
-45.87,144.56,13729.95,4389,1,2090
-45.9,144.42,13736.07,4390,1,2091
-45.92,144.26,13744.29,4391,1,2092
-45.91,144.03,13751.45,4392,1,2093
-45.92,143.88,13758.35,4393,1,2094
-45.94,143.7,13765.33,4394,0,2095
-45.96,143.53,13772.88,4395,0,2096
-45.98,143.36,13780.12,4396,0,2097
-45.99,143.16,13788.11,4397,1,2098
-46.01,142.95,13796.66,4398,1,2099
-46.03,142.74,13806.44,4399,1,2100
-46.06,142.5,13814.87,4400,1,2101
-46.04,142.29,13823.99,4401,1,2102
-46.05,142.07,13836.81,4402,1,2103
-46.04,141.68,13851.29,4403,1,2104
-45.98,141.35,13859.93,4404,1,2105
-45.96,141.23,13865.61,4405,0,2106
-45.96,141.09,13871.2,4406,0,2107
-45.97,140.95,13877.19,4407,1,2108
-45.96,140.8,13882.22,4408,1,2109
-46.01,140.7,13888.26,4409,0,2110
-46.05,140.52,13894.12,4410,0,2111
-46.07,140.41,13898.51,4411,1,2112
-46.1,140.3,13902.68,4412,1,2113
-46.12,140.2,13907.5,4413,0,2114
-46.12,140.08,13912.76,4414,0,2115
-46.13,139.94,13919.9,4415,1,2116
-46.14,139.75,13928.42,4416,1,2117
-46.14,139.53,13937.09,4417,0,2118
-46.14,139.32,13945.9,4418,0,2119
-46.14,139.11,13956.64,4419,1,2120
